Biomass,Biomass_s,BiomassClupeids,BiomassClupeids_s,BiomassFinfish,BiomassFinfish_s,BiomassFlatfish,BiomassFlatfish_s,BiomassForage,BiomassForage_s,BiomassGadoids,BiomassGadoids_s,BiomassGroundfish,BiomassGroundfish_s,BiomassSkates,BiomassSkates_s,BiomassTL3,BiomassTL3_s,BiomassTL4,BiomassTL4_s,BPelagicToDemersal,BPelagicToDemersal_s,BTGLargeBenthivore,BTGLargeBenthivore_s,BTGMediumBenthivore,BTGMediumBenthivore_s,BTGPiscivore,BTGPiscivore_s,BTGPlanktivore,BTGPlanktivore_s,BTGZoopiscivore,BTGZoopiscivore_s,CCLargeBenthivore,CCLargeBenthivore_s,CCMediumBenthivore,CCMediumBenthivore_s,CCPiscivore,CCPiscivore_s,CCPlanktivore,CCPlanktivore_s,CCZoopiscivore,CCZoopiscivore_s,CommunityCondition,CommunityCondition_s,DiversityTargetSpp.L,DiversityTargetSpp.L_s,FishinginBalance.L,FishinginBalance.L_s,FishingPressure.L,FishingPressure.L_s,FPClupeids.L,FPClupeids.L_s,FPFinfish.L,FPFinfish.L_s,FPFlatfish.L,FPFlatfish.L_s,FPForageFish.L,FPForageFish.L_s,FPGadoids.L,FPGadoids.L_s,FPGroundfish.L,FPGroundfish.L_s,FPSkates.L,FPSkates.L_s,Heips,Heips_s,HillN1Diversity,HillN1Diversity_s,HillN2Dominance,HillN2Dominance_s,ID,Intrinsicvulnerabilityindex.L,Intrinsicvulnerabilityindex.L_s,InverseCVBiomass,InverseCVBiomass_s,KemptonQ,KemptonQ_s,Landings.L,Landings.L_s,LargeFishIndicator,LargeFishIndicator_s,LargeSpeciesIndicator,LargeSpeciesIndicator_s,LClupeids.L,LClupeids.L_s,LFinfish.L,LFinfish.L_s,LFlatfish.L,LFlatfish.L_s,LForageFish.L,LForageFish.L_s,LGadoids.L,LGadoids.L_s,LGroundfish.L,LGroundfish.L_s,LInvertebrates.L,LInvertebrates.L_s,LLargePelagic.L,LLargePelagic.L_s,LSkates.L,LSkates.L_s,MargalefGroundfish,MargalefGroundfish_s,MargalefRichness,MargalefRichness_s,MarineTrophicIndex.L,MarineTrophicIndex.L_s,MeanLengthAbundance,MeanLengthAbundance_s,MeanLengthBiomass,MeanLengthBiomass_s,MeanLifespan,MeanLifespan_s,MeanTrophicLevel,MeanTrophicLevel.L,MeanTrophicLevel.L_s,MeanTrophicLevel_s,MMLengthAbundance,MMLengthAbundance_s,MMLengthBiomass,MMLengthBiomass_s,PielouEvenness,PielouEvenness_s,PropPredatoryFish,PropPredatoryFish_s,ShannonDiversity,ShannonDiversity_s,SpeciesRichness,SpeciesRichness_s,YEAR
1186964012,-0.230779825,128013743.6,-0.691561122,1185635590,-0.208795991,101608718.6,1.027661309,456375581.9,-0.4149114,142686172.3,-0.951197389,281671074.6,-0.515064233,16283268.66,0.698780795,1062285362,-0.17296976,124459038.1,-0.468548891,2.134291782,-0.328023186,2889525.018,-0.020131368,127969013.3,-0.57426711,93818581.73,0.039769015,601168259.8,-0.368901893,359574846.3,1.629594871,0.852258806,0.017150346,0.803538718,-0.822504447,1.031109445,1.465173445,0.411123466,-2.090012406,1.379371139,1.656313086,0.668728852,-0.983713508,32,-1.120171355,0.72956028,1.822147119,0.000275831,0.800980851,0.000693644,-0.092863325,0.000275481,0.776811648,7.40E-05,1.190950584,0.000197931,-0.106452665,0.00140057,2.212638907,0.000759794,2.297537014,0.000235,0.830833888,0.051940813,-0.814152799,3.025691705,-1.493682561,1.828115204,-1.3608551,4W,50.01339637,-0.8621051,4.217531206,1.494814066,5.670920814,-0.879196983,327401,2.697725474,0.122970866,-0.58663859,0.050738357,-0.437413048,88796,4.193295257,326620,2.668195977,7524,1.352808278,90331,3.978593068,199842,2.41436686,214012,2.242969088,781,-1.135230607,432,-0.416030225,3826,0.702128829,1.278309529,-1.184231222,1.662916099,-0.990406259,4.082461704,-0.259371197,23.93346491,0.28590742,30.00159726,-0.306845223,23.94513978,0.542596847,3.765438564,4.065963739,1.005153749,-0.737694863,30.47968331,-0.977031569,40.69264187,-0.458363355,0.300129007,-1.235650909,0.238269403,-0.538211458,1.107139728,-1.700023566,40,-0.925079076,1970
431102371.2,-1.04709768,62186967.37,-0.765890116,422182712.4,-1.039809284,84671714.93,0.410989701,85182950.61,-0.78618734,81001415.91,-1.593698436,193394359.4,-1.408566891,17035598.87,0.769804192,372328495.7,-0.907808877,58771625.9,-1.288049983,0.557474652,-0.723454,1383963.944,-0.260161233,109394379.6,-0.984868928,70577946.24,-0.333427422,107840948.3,-0.872161644,132767434.2,-0.267680848,0.911744661,0.479364698,0.835782453,-0.184080435,0.907820288,-0.195390388,0.811249658,-0.200168141,1.422973864,1.820791771,1.159514861,1.40687531,29,-1.506630472,0.59769378,1.712840682,0.000745248,3.280553766,0.001237655,0.115312184,0.000759982,3.255671331,0.000229923,4.9470734,0.000933673,0.59860992,0.002011706,3.445793823,0.00109178,3.610417542,0.000937507,4.765623009,0.27421885,1.908835131,11.69453513,1.299499921,8.354208035,1.382955635,4W,49.91648822,-0.959189527,3.404041777,0.672671387,4.476203373,-1.720046393,321258,2.629725415,0.234903172,0.016946414,0.110112467,0.155394427,76966,3.515056358,320831,2.605913147,19468,4.371668564,79533,3.397744349,162951,1.819281738,211144,2.202343774,427,-1.228837944,0,-1.470122786,15971,4.143659291,1.255050525,-1.330151958,1.824377746,-0.879268727,4.053037876,-0.841436538,25.0384448,0.692180649,33.94128143,0.51124931,28.50749946,1.644669281,3.763089235,4.016920895,0.742077638,-0.78415368,46.16966727,0.870686328,50.05442617,0.46980357,0.666631068,1.433931123,0.469570631,0.397407172,2.45912165,1.075309368,40,-0.925079076,1971
340627884.6,-1.144808604,46484922.84,-0.783620245,337702164.1,-1.131765789,74828711.06,0.052608659,56433648.24,-0.814943095,75457208.22,-1.65144624,180892351,-1.535107369,15364490.76,0.612043979,265001527.8,-1.02211755,74728837.44,-1.088971471,0.396915006,-0.763718803,5347756.518,0.371781644,86077679.71,-1.500296556,53540132.48,-0.607019397,71798888.59,-0.908929359,120448287.5,-0.370732233,0.9458144,0.744091874,0.784740274,-1.194712506,0.860205011,-0.836713671,1.063098853,0.989345982,1.168913657,0.862423031,0.998963207,0.624837963,28,-1.635450178,0.390277121,1.540909402,0.000668523,2.875273958,0.000726322,-0.080358506,0.000673675,2.814097541,0.000137995,2.732564583,0.000635,0.312391167,0.001894597,3.209490383,0.00090016,2.852632073,0.000281819,1.093070267,0.255765487,1.682774629,11.23061949,1.15002196,8.214785085,1.324337071,4W,50.01304233,-0.862459784,1.742874916,-1.006165639,5.476863819,-1.015775478,227712,1.594216128,0.263029934,0.168617476,0.113073588,0.184959075,33763,1.038137072,227496,1.601738338,10326,2.061017129,35853,1.048098855,142961,1.496824997,162832,1.518002699,216,-1.284632148,4,-1.46036267,4330,0.844947384,1.302340554,-1.033467034,1.872892832,-0.845874747,4.104608155,0.178732287,23.68471754,0.194449287,35.44268766,0.823023599,27.06882675,1.297147024,3.802309969,4.076309019,1.060648002,-0.008549699,44.59163483,0.684850652,50.56544513,0.520468153,0.651298504,1.322249521,0.537959405,0.67404129,2.418643931,0.992217172,41,-0.896728885,1972
586046461,-0.87976067,14766622.82,-0.819435296,577296315.9,-0.870969176,116410160.8,1.566577717,57218807.17,-0.81415776,258334280.3,0.253379476,436381651.3,1.050856193,26357165.15,1.649802482,320591095.4,-0.962911837,263202134.5,1.262378166,0.151855215,-0.825174372,1227895.413,-0.285043059,134322770.6,-0.433814041,268061898.4,2.837755537,66266829.7,-0.914572798,101133037,-0.532307004,0.948600513,0.765740405,0.852175338,0.140497701,1.014370994,1.239725668,0.91539707,0.291732647,1.121999175,0.6854517,0.965208645,0.460421543,32,-1.120171355,1.093386991,2.123729414,0.0006629,2.845571926,0.00131,0.142996288,0.000672379,2.807466797,0.000100137,1.820580478,0.000352,0.041191873,0.001191983,1.791750456,0.000773305,2.350967968,0.000239,0.853238158,0.257008891,1.698006786,11.79437342,1.331668752,9.171951547,1.726765244,4W,49.33826515,-1.53846439,2.595840405,-0.144126985,5.767905569,-0.810938522,388490,3.373951361,0.486279845,1.372472762,0.404689807,3.096535762,19413,0.215421247,388162,3.330315505,11657,2.397428971,20169,0.2044212,307930,4.157923846,337456,3.991557422,328,-1.255016267,39,-1.374961652,6290,1.400352877,1.275742844,-1.200333914,1.937599346,-0.801335859,4.170796285,1.488073019,26.40025729,1.192884746,39.02587404,1.567089637,25.95647483,1.028450017,3.873113468,4.149671829,1.454181517,1.391614707,52.55345324,1.622467568,66.96867714,2.14675401,0.656073198,1.357028145,0.765840605,1.59582583,2.467622589,1.092759998,43,-0.840028502,1973
434983169.7,-1.042906483,4495556.09,-0.831032978,429684600.9,-1.031643529,133051196.6,2.172473217,37582542.21,-0.833798432,164187842.8,-0.72723856,349417610.5,0.170639916,29730161.86,1.968228725,279828553.8,-1.006326014,155115095.5,-0.086090948,0.128782127,-0.830960591,8247299.14,0.834052379,156412331,0.054487037,125854024.6,0.55419183,45325848.75,-0.935935396,89584116.18,-0.628915342,0.81342396,-0.284602453,0.80731042,-0.747824974,0.901521055,-0.280233847,0.904818834,0.241770362,0.920409101,-0.07498862,0.859474542,-0.054602846,29,-1.506630472,0.372266347,1.525979958,0.000557028,2.286330689,0.009993424,3.465863317,0.000563093,2.248325207,6.18E-05,0.897057455,0.001482071,1.124140487,0.000732443,0.864487113,0.000435734,1.016000852,0.000282609,1.097495111,0.189788569,0.874533051,11.05879416,1.094658231,7.178542458,0.888662355,4W,49.82689571,-1.048945007,2.270901753,-0.472522075,6.013862584,-0.637832477,241935,1.751657907,0.401465586,0.915119415,0.219425019,1.246801068,44926,1.678135451,241760,1.755202199,8219,1.528470359,55700,2.115713647,120243,1.130363155,152244,1.36802333,175,-1.295473675,7,-1.453042582,8402,1.998830632,1.592533701,0.787126729,2.448724793,-0.449517196,4.053943812,-0.823515214,24.166066,0.371428972,39.10901758,1.584354797,22.91871457,0.294656086,3.785601607,4.042174255,0.877541962,-0.338963507,48.26278701,1.117180832,59.74124011,1.430195309,0.602465674,0.966553716,0.81732205,1.804069424,2.403225963,0.960567345,54,-0.528176395,1974
860718324.2,-0.583119679,22186897.42,-0.811056615,843283817.4,-0.581443579,138917451.2,2.386061921,29199636.07,-0.842183219,84642003.72,-1.555778509,268573129.8,-0.647636548,22601812.33,1.295280081,794349833.4,-0.458334711,65588396,-1.203005522,0.309248871,-0.785703529,1988825.056,-0.163728923,169808824,0.350623396,88262554.07,-0.049449274,83055937.25,-0.897445666,497781919.4,2.785716365,0.953096511,0.80067501,0.872610477,0.545112222,1.127125958,2.758405979,1.054413674,0.948324834,1.53068228,2.227090656,1.270837807,1.949122614,32,-1.120171355,0.450492512,1.590822988,0.000292442,0.888724127,0.001712137,0.296881182,0.000297853,0.891273845,7.66E-05,1.253583546,0.001577314,1.215411987,0.001531273,2.476372425,0.000653129,1.875716812,0.000683839,3.34481142,0.162629301,0.541822001,7.01728413,-0.207554125,3.716269056,-0.567005404,4W,49.85280663,-1.022986954,2.700814314,-0.038036448,4.824063393,-1.475220393,251349,1.855866365,0.232641576,0.004750958,0.069143456,-0.253651468,37987,1.280307918,251175,1.856496524,10645,2.141644761,46057,1.596994977,129610,1.281461319,175413,1.696212979,174,-1.295738103,335,-0.652713045,15456,3.997723664,1.292529915,-1.095016345,1.69015244,-0.971658898,4.082667194,-0.255306171,26.21440064,1.124549945,32.78973864,0.272125863,36.28189924,3.522634258,3.799850159,4.059568987,0.970850956,-0.057193318,45.23098181,0.760142817,47.74306905,0.240645841,0.5356234,0.479678054,0.331361482,-0.16165192,1.948376267,0.026857122,38,-0.98177946,1975
317481382.9,-1.169806436,3441872.604,-0.832222756,277189604.6,-1.197633301,115213563.8,1.523009952,5271459.574,-0.866116766,91615951.66,-1.483138701,240327235.1,-0.933530534,19654704.6,1.017059695,234514212.6,-1.05458809,82914339.46,-0.986851025,0.061607182,-0.84780658,4160538.63,0.182504866,133430304.4,-0.453542465,76892154.16,-0.232034329,14805883.78,-0.967069836,47390102.59,-0.981874166,0.941452885,0.710202223,0.851463808,0.126409449,0.958838446,0.491765807,1.079352648,1.066114616,0.94928631,0.03394231,0.891986996,0.103763341,32,-1.120171355,-0.323734509,0.949052732,0.000401841,1.466595822,0.009786533,3.386692787,0.000458704,1.714238212,5.40E-05,0.709158569,0.006837006,6.255782162,0.000703076,0.805230155,0.00031051,0.520786743,9.13E-05,0.026110038,0.218165836,1.222165037,8.635804253,0.313948206,6.277861501,0.509982777,4W,49.95384869,-0.921761098,2.443596085,-0.297990759,4.533619394,-1.679636648,127577,0.485769777,0.403873273,0.928102653,0.171325873,0.76656594,33684,1.033607835,127148,0.522111898,6219,1.022967967,36041,1.058211798,64413,0.229774871,74624,0.268533468,429,-1.228309089,308,-0.71859383,1795,0.126604056,1.160271076,-1.924772732,1.669014858,-0.986208351,4.048152002,-0.938089425,26.56177581,1.252271031,37.23171889,1.194524615,19.77036265,-0.465852095,3.750275501,4.01783124,0.746960919,-1.037549833,50.5974388,1.392119156,59.77812335,1.433852069,0.601620051,0.960394242,0.883666204,2.072433008,2.155916846,0.452894035,36,-1.038479843,1976
709830081.1,-0.746076443,7721478.957,-0.827390394,686761957.7,-0.751816565,89721659.83,0.594856795,89246882.01,-0.782122497,159051926.4,-0.780733651,284627540.4,-0.485140033,14948345.18,0.572757942,616217291,-0.648054919,92698836.86,-0.864781879,0.630812576,-0.705062473,2705132.058,-0.049528925,172183385.4,0.403114295,101313862.2,0.160127684,179546632.1,-0.799012269,230633288.9,0.550980712,0.915095198,0.505398892,0.948393602,2.045613534,1.071358351,2.007280142,1.115117677,1.235037162,1.65780539,2.706625865,1.26052807,1.898904511,31,-1.24899106,-0.647241469,0.680892181,0.000115295,-0.047008714,0.002520631,0.606265827,0.000118881,-0.024403265,1.45E-05,-0.24238066,0.000231963,-0.073839751,0.000303907,-0.00021612,0.000187326,0.033640071,3.62E-05,-0.282658329,0.237494666,1.458950333,8.599829298,0.302356739,5.871643241,0.3391936,4W,51.08021508,0.206654164,2.700476535,-0.03837782,3.85260882,-2.158936037,81840,-0.020516844,0.290888946,0.31884472,0.107063139,0.124949096,19463,0.218287853,81643,0.032531626,1301,-0.220062416,20702,0.23309247,48337,-0.029545517,53318,-0.033266725,197,-1.28965627,197,-0.989437058,541,-0.228742111,1.072503598,-2.475402286,1.47050624,-1.122846112,4.079201754,-0.323859879,25.56125115,0.884403355,34.112264,0.546754671,30.00110922,2.005461998,3.754276091,4.070140717,1.027559935,-0.958436741,45.02123792,0.735442502,52.12126497,0.674718718,0.615397598,1.060749181,0.434365968,0.255003525,2.151742354,0.444324686,33,-1.123530417,1977
930963389.6,-0.50725619,20104425.17,-0.81340806,924107577.9,-0.493467463,113498681.9,1.460571577,45525163.91,-0.825854027,263849519.4,0.310825547,454209448.2,1.231302236,59335084.9,4.763068226,773573720.1,-0.480462327,155886046.5,-0.07647274,0.146391737,-0.826544491,40498257.87,5.975785523,234257630.7,1.77529737,161997780.5,1.134585636,66492510.16,-0.914342574,420399868.5,2.138404688,0.891711438,0.323703437,0.833915406,-0.221047854,0.974716146,0.705620253,0.997859589,0.68121307,1.54380593,2.276595834,1.201358363,1.610692465,33,-0.991351649,-0.442407758,0.85068241,0.000106347,-0.094274191,0.001188246,0.096404949,0.000106971,-0.085338575,1.69E-05,-0.184565618,0.000534298,0.2158883,0.000253584,-0.101758256,0.000155083,-0.093868941,1.37E-05,-0.408682347,0.157459529,0.478490387,7.928219289,0.085957708,4.67662197,-0.163237529,4W,50.22267858,-0.652442204,2.480404891,-0.26079041,5.66486387,-0.883459897,99005,0.169491461,0.376464434,0.780302927,0.186062632,0.913701803,23889,0.472039786,98853,0.217690982,1916,-0.06462043,24324,0.427928,66908,0.270021472,70440,0.20926697,152,-1.301555508,66,-1.309080867,810,-0.152515541,1.378752398,-0.554079674,2.018344262,-0.745757393,4.086457458,-0.18032676,28.14969489,1.836108818,38.28860357,1.413991847,33.51556571,2.854405503,3.797579924,4.07640736,1.061175524,-0.102088023,49.48255848,1.260826203,57.47031347,1.205046029,0.543895988,0.539935156,0.494897122,0.499853394,2.070428457,0.277404454,45,-0.783328119,1978
578755846.4,-0.887634411,39562050.46,-0.791437279,543002408.2,-0.908297862,101522361.9,1.024517086,90164044.6,-0.781205128,246248526.2,0.127495706,383638674.2,0.517012244,24692800.18,1.492678852,431032792.6,-0.845285818,144339663.4,-0.220522768,0.500529241,-0.737734648,1597157.368,-0.226172051,205861793.9,1.147592813,105121347.1,0.221268,141420380.2,-0.837906138,88220357.98,-0.64032337,1.02541005,1.362562464,0.758268206,-1.718857859,0.861653661,-0.817202013,0.851968143,-0.007849826,0.852016946,-0.332978267,0.816150099,-0.265633574,31,-1.24899106,-0.242895647,1.016061472,0.00016724,0.227377205,0.00014203,-0.303948258,0.000177007,0.272987655,1.26E-05,-0.288150901,6.90E-05,-0.229968323,0.000337984,0.068544712,0.000222952,0.174527583,1.33E-05,-0.410922774,0.246064356,1.563932196,11.0886386,1.104274388,8.870569092,1.600052916,4W,49.95583094,-0.919775242,3.106611737,0.372077524,5.942035872,-0.688384554,96791,0.144983545,0.49392258,1.413685531,0.157223456,0.625763523,5619,-0.575417922,96115,0.188233322,1284,-0.224359186,6225,-0.545657938,83228,0.533277801,85533,0.423059813,676,-1.162995495,73,-1.292000663,328,-0.289099953,1.277609226,-1.188624735,1.890550727,-0.833720438,4.187298076,1.814513229,26.05815718,1.067103166,37.39478868,1.228386848,20.8120953,-0.214213707,3.731981257,4.172876521,1.578656356,-1.399325023,49.8363982,1.302495843,57.57887564,1.215809342,0.643695479,1.266869481,0.774090431,1.62919656,2.405921035,0.966099758,42,-0.868378693,1979
507712521.5,-0.964360007,55081466.37,-0.773913367,505045203.4,-0.949614023,45874767.33,-1.001596406,80531165.45,-0.790840169,319115258.2,0.886466874,382308458,0.503548312,7704251.467,-0.11111748,314378224.9,-0.969528859,177565984.1,0.19400119,0.304351431,-0.786931698,1138920.666,-0.2992282,192249015.6,0.846675357,163660567.2,1.161286545,90906427.26,-0.889437117,56744329.45,-0.90362475,1.105250983,1.982938941,0.885577249,0.801853527,1.007838633,1.151742242,0.896678318,0.203321723,1.187240232,0.931554741,0.983210438,0.548107182,32,-1.120171355,-0.511449164,0.793452786,0.000193747,0.367393522,0.000223723,-0.272686975,0.000192557,0.352546351,2.84E-05,0.09246479,0.000158907,-0.143849418,0.000241289,-0.126567202,0.000208507,0.117403008,1.00E-04,0.074689777,0.25550419,1.679573644,11.98668017,1.393631787,9.015779345,1.661104676,4W,50.20200971,-0.673148671,3.072355526,0.337456923,5.389151603,-1.07750787,98368,0.162440177,0.729442332,2.683704844,0.333448202,2.385239946,12323,-0.191063435,97250,0.200444587,1303,-0.219556913,12797,-0.192135269,76999,0.432798409,79714,0.340633486,1118,-1.046118538,385,-0.530711591,774,-0.162716866,1.413665153,-0.335046438,2.057659698,-0.718695731,4.070537782,-0.495251509,28.78348956,2.069139129,44.59611305,2.723776795,21.55189577,-0.035509317,3.754418079,4.049226345,0.915370853,-0.955628878,52.18368593,1.578922229,67.86319552,2.235440349,0.656361411,1.359127473,0.850253719,1.93727876,2.483796047,1.125960687,44,-0.81167831,1980
475554452.6,-0.99909018,1888690.462,-0.833976548,457096120.5,-1.001806275,89501454.6,0.586839184,69967888.31,-0.801405817,260094581.8,0.271714565,372528310.1,0.40455745,10782784.12,0.179510016,305274437.5,-0.979224856,170126231.8,0.101184547,0.193865449,-0.814639135,2319067.756,-0.111078711,186079704,0.710299555,84541851.3,-0.109196048,72238747.62,-0.908480644,111552044.6,-0.445150549,0.936230453,0.669623114,0.906805132,1.222164333,0.950493967,0.379375226,0.943190948,0.423006485,0.822529981,-0.444209325,0.892243385,0.105012197,30,-1.377810766,-0.271594916,0.992272148,0.000264955,0.743531216,0.01168058,4.111483644,0.000274614,0.772375803,1.40E-05,-0.25442546,0.000317274,0.007913899,0.000370704,0.134567379,0.000264917,0.340483471,2.77E-05,-0.330267402,0.142945109,0.300683389,8.147255438,0.156533206,5.704789085,0.269041943,4W,50.92818617,0.054348712,4.084890972,1.360762911,6.524034687,-0.278770244,125996,0.468268866,0.387126763,0.837798588,0.136793734,0.421787549,22061,0.367236683,125520,0.504596533,1255,-0.231688971,22199,0.313619468,96418,0.746044404,98689,0.609414987,476,-1.215880996,201,-0.979676942,299,-0.297317687,1.354606787,-0.705562744,2.305027718,-0.54842699,4.05461995,-0.810139779,23.14770881,-0.002995276,36.80444096,1.105798279,20.6135574,-0.262172036,3.764073032,4.045890805,0.897478317,-0.764698744,51.93894207,1.550100172,56.473105,1.10617856,0.533513261,0.464307911,0.829613906,1.853790256,2.097681114,0.333348395,51,-0.613226969,1981
745985408,-0.707029298,16187549.74,-0.817830841,744672087.8,-0.68878178,75067882.54,0.061316826,119858642,-0.751503866,425675484.5,1.996385449,523987842,1.937572062,8825230.904,-0.005291919,405875929.5,-0.872079155,340035395.4,2.220932312,0.247014233,-0.801310597,1072753.23,-0.309777198,167772251.6,0.305603917,240177572.2,2.389991053,129792619,-0.849768008,205762541.1,0.342933429,0.921882163,0.558134667,0.914614184,1.376783092,0.985374367,0.849174291,0.941027575,0.412788613,0.985980814,0.172361726,0.958744415,0.428934671,29,-1.506630472,-0.283369564,0.982511938,0.00015344,0.154482303,0.000610654,-0.124620929,0.000151123,0.14055696,1.39E-05,-0.25683442,8.50E-05,-0.214666454,0.000231442,-0.146436554,0.000191651,0.050743829,0,-0.485416972,0.123125365,0.057884216,7.402518968,-0.083427855,4.991922877,-0.030673369,4W,49.85093124,-1.024865756,2.044059914,-0.701776876,8.573887535,1.163928672,114411,0.340028481,0.322014373,0.486685816,0.298567008,2.036976494,9885,-0.330839127,112485,0.364355266,1046,-0.284513971,10189,-0.332425458,98519,0.77993543,100423,0.633977155,1926,-0.832461113,278,-0.791794703,0,-0.382045362,1.378571197,-0.55521648,2.341341388,-0.523431509,4.116531688,0.414604904,23.29585054,0.051472701,33.70998002,0.46321845,25.53548032,0.926755614,3.867997588,4.082666117,1.094748811,1.290446358,49.31886733,1.241549251,61.43390727,1.598013496,0.504199789,0.250790099,0.70545582,1.351568027,2.001820343,0.136566507,53,-0.556526586,1982
749059918,-0.703708879,51767815.44,-0.777655011,736378857.5,-0.697808905,60090461.22,-0.484006932,124447601.5,-0.746913877,507135284.5,2.844860986,580043271.4,2.504943367,5058774.952,-0.360862506,378911491.7,-0.900797652,369997009.7,2.594726541,0.219712551,-0.808157255,432842.3044,-0.411797458,196871335,0.948854101,296934177.5,3.301384498,127451752.4,-0.852156005,113561766.3,-0.428338946,0.789495711,-0.470528672,0.930603343,1.693367477,0.95225148,0.403046914,0.908011957,0.256851867,1.023483742,0.313830688,0.95098131,0.391121059,33,-0.991351649,-0.621770081,0.702005858,0.00011804,-0.032508967,0.000217568,-0.275042296,0.000115557,-0.041409896,1.99E-05,-0.112296816,9.59E-05,-0.20421771,0.000133643,-0.343776128,0.000120994,-0.228678193,3.10E-05,-0.31178388,0.183276816,0.794761675,10.34711761,0.865349386,8.093751132,1.273449922,4W,50.46467104,-0.410009557,2.533137149,-0.207497228,5.257199096,-1.170376847,88418,0.052298457,0.438474056,1.114684298,0.375973268,2.809821923,11263,-0.251835475,85093,0.069649568,1194,-0.247106794,11936,-0.238450397,67775,0.284006965,70182,0.205612392,3325,-0.462527033,757,0.376979225,157,-0.337556248,1.29495231,-1.07981889,2.303276402,-0.549632459,4.122478075,0.532236974,23.21769237,0.022735914,34.74511739,0.678169748,22.96896865,0.306795339,3.871205902,4.047627734,0.906795568,1.35389191,56.68684236,2.109232696,66.8465619,2.134646988,0.591385436,0.885845836,0.794007362,1.709760991,2.336707989,0.824020013,52,-0.584876778,1983
1373431450,-0.029398129,64229482.14,-0.763583789,1370596722,-0.00746705,73887502.74,0.018339525,134107868.4,-0.737251442,443137813.1,2.178270976,536434861.3,2.063555962,6347812.685,-0.239171476,1060089563,-0.175308398,313227655.1,1.886485091,1.061392896,-0.597082465,617024.1473,-0.38243356,204148540.2,1.10972046,137703088.1,0.744463231,569368151.1,-0.401342252,458605114.5,2.457996913,0.921773054,0.557286873,0.85651073,0.226338201,0.850855824,-0.962636519,1.064506009,0.99599215,1.528257144,2.217942531,1.389391916,2.526592473,35,-0.733712237,-0.178350637,1.069563954,8.09E-05,-0.228691334,0.000136,-0.306255745,8.01E-05,-0.222963865,1.46E-05,-0.2399717,6.76E-05,-0.231349043,0.000215254,-0.179100825,0.000181461,0.010446188,2.36E-05,-0.353231779,0.091284575,-0.332177205,4.742667595,-0.940456861,2.855564961,-0.928877231,4W,49.51673957,-1.359665324,2.620784339,-0.118917718,5.785400812,-0.798625263,111096,0.303333023,0.439185585,1.118521154,0.081140544,-0.133869235,8712,-0.398089696,109746,0.334886848,1076,-0.276931435,9069,-0.392672778,95387,0.729413444,97342,0.590334688,1350,-0.984771357,122,-1.172439239,150,-0.339539839,1.247783387,-1.375744028,1.792024246,-0.901538338,4.165277194,1.378893765,21.03395901,-0.780167752,34.30379167,0.586526321,24.97153215,0.790529675,3.82994268,4.141044616,1.407903335,0.537897001,42.05523143,0.386153218,47.90296762,0.256498862,0.416462641,-0.388282744,0.392550653,0.085859642,1.556599761,-0.777377182,42,-0.868378693,1984
1110877988,-0.312951451,122214995.1,-0.698108839,1104636292,-0.296963179,68402058.12,-0.181383993,181024509.1,-0.690324271,322270818.1,0.919334808,503975654.9,1.735016469,6504100.683,-0.224417178,772256513.4,-0.481865219,338566972.9,2.202612609,1.0706562,-0.594759433,798063.7561,-0.353570624,151170368.2,-0.061389243,194686260.9,1.65949488,576772640.9,-0.393788683,180866177.6,0.134671867,0.886652942,0.284398136,0.806258744,-0.768648096,0.791526668,-1.761732345,1.18554131,1.567656475,0.796300661,-0.543151858,0.964193438,0.455476531,34,-0.862531943,-0.1762802,1.071280176,0.000101655,-0.119058458,7.77E-05,-0.328584413,0.000101086,-0.115448088,1.42E-05,-0.24960754,5.39E-05,-0.244477773,0.000286697,-0.034942591,0.000187873,0.035803251,6.55E-05,-0.118547051,0.228520144,1.349009129,12.19748706,1.46155574,8.743073384,1.546449006,4W,49.31847617,-1.558289367,2.948097319,0.211876956,6.142031677,-0.547626289,109344,0.283939225,0.527819597,1.59647218,0.161033305,0.663802105,9490,-0.353485312,108101,0.317188583,972,-0.303217559,9760,-0.355502333,92394,0.681133653,94674,0.55254238,1243,-1.0130651,184,-1.021157436,426,-0.261329678,1.451023694,-0.100668999,2.217764937,-0.608491844,4.171212764,1.496311851,27.69881727,1.670332491,38.84044324,1.528584032,21.49108355,-0.050198968,3.868630832,4.148847261,1.449758361,1.302968984,43.26291286,0.528374816,50.58828622,0.522732715,0.63936995,1.235362551,0.45903575,0.354793344,2.501229952,1.161748806,50,-0.641577161,1985
1780378690,0.410098044,554396927.6,-0.210106077,1778817266,0.436878251,74567454.85,0.043096393,973549213.5,0.102378305,321741494.9,0.913821441,417038923.4,0.855076607,4962950.025,-0.369908815,1564972685,0.362417778,215287319.8,0.664603925,3.053343277,-0.097545425,604495.6277,-0.384430967,186032729.2,0.709261153,76030796.27,-0.245865952,1275586268,0.319094556,239808866.7,0.627735704,0.851778038,0.013414703,0.858206458,0.259913513,0.897772179,-0.330726916,0.966982899,0.535378739,0.873550858,-0.251747805,0.870916512,0.001130294,35,-0.733712237,-2.222938448,-0.625230476,2.17E-05,-0.5413999,1.69E-05,-0.351831484,1.83E-05,-0.539007333,1.34E-05,-0.268879221,9.60E-06,-0.286930524,5.62E-05,-0.500025066,5.09E-05,-0.505690662,1.11E-06,-0.479199787,0.116739907,-0.02034,7.770914605,0.035272667,5.461406487,0.1667149,4W,52.95562758,2.085478057,4.064800021,1.340458249,6.977908433,0.040668862,38632.694,-0.498800967,0.307112763,0.40633021,0.028918298,-0.65527053,9348.377,-0.361604858,32502.744,-0.496159725,995.51,-0.297275379,9348.377,-0.377644461,18084.443,-0.517546563,21246.593,-0.487559264,6129.95,0.279178898,227.19,-0.91577258,5.513,-0.380483142,1.417539072,-0.310742512,2.551878858,-0.37851403,4.015603889,-1.581959709,26.70210396,1.303866152,33.51292963,0.422299981,24.13386397,0.5881846,3.778357902,3.711834841,-0.894468004,-0.482210353,40.01387039,0.145754034,42.1477663,-0.314096159,0.50284955,0.240955028,0.236042006,-0.547221328,2.050387867,0.236265361,59,-0.386425437,1986
930149094.3,-0.508135615,230730307.5,-0.575577636,929534599.4,-0.487560187,85669561.8,0.447321029,241958158.4,-0.629376946,366472436.5,1.37973358,464814579.5,1.33864326,4273474.386,-0.434998454,624721263.8,-0.638997756,305427156.3,1.789167856,0.936382991,-0.62843218,486103.1777,-0.403306139,149624896.1,-0.095552698,144196194,0.848729054,436419749.6,-0.536967379,198662463.4,0.283540286,0.864978362,0.115983276,0.888878896,0.867225939,1.03759585,1.552537897,0.958949846,0.497437661,0.818623293,-0.458946177,0.8383796,-0.157355026,36,-0.604892531,-2.171294441,-0.58242186,3.31E-05,-0.481182372,4.08E-05,-0.342685723,2.87E-05,-0.485797658,1.11E-05,-0.324285302,3.89E-05,-0.258852293,3.28E-05,-0.547312389,3.18E-05,-0.58128176,6.51E-06,-0.448954023,0.118160705,-0.0029347,7.026195955,-0.204682652,4.399221041,-0.279867137,4W,53.54500438,2.67592694,2.669941239,-0.069237926,7.775378709,0.601933298,30729.216,-0.586288672,0.400215345,0.908377602,0.138952922,0.443345477,9402.395,-0.358507892,26659.085,-0.559030621,955.017,-0.307510033,9402.557,-0.374729997,12010.065,-0.615531762,14795.511,-0.578939053,4070.131,-0.265493902,193.795,-0.997257351,27.83,-0.37415917,1.467753275,0.004287893,2.28920785,-0.559316147,4.097420666,0.036548604,24.61030918,0.534765982,34.97729137,0.726381801,18.76767819,-0.708058099,3.863818631,3.833667062,-0.240934394,1.207805995,41.32274142,0.299892141,48.45778312,0.311505619,0.493425762,0.172312644,0.501058418,0.524775974,1.949645443,0.029462472,52,-0.584876778,1987
1301802467,-0.106756226,44942807.68,-0.78536154,1290566468,-0.09457944,69072087.09,-0.156988424,169744607,-0.701606705,325857590,0.956694195,411989441.8,0.803967713,3951613.363,-0.4653836,1093923722,-0.1392733,207859463.2,0.571935689,1.756771424,-0.422696931,667264.8943,-0.374423735,193288476.1,0.869653165,94387884.49,0.048910837,724531736,-0.24305467,277075144,0.939473325,0.886293945,0.281608674,0.902202495,1.131032397,0.925592923,0.043986664,0.993763871,0.6618685,1.085470559,0.547658049,1.033745415,0.794259984,38,-0.34725312,-2.167913283,-0.579619159,1.84E-05,-0.558831289,0.000218261,-0.274777107,1.75E-05,-0.543100385,1.24E-05,-0.292968821,5.78E-05,-0.240740397,2.93E-05,-0.554298644,2.63E-05,-0.603068982,9.15E-07,-0.480291995,0.116606675,-0.021972141,6.946940423,-0.230219526,4.075137432,-0.41612387,4W,52.97583405,2.105721283,2.195162057,-0.549067429,7.153373569,0.164162293,23980.117,-0.660997956,0.522514337,1.567864037,0.058372252,-0.361194137,9809.267,-0.33518106,22615.293,-0.602537067,854.429,-0.33293377,9809.267,-0.352852151,9551.127,-0.655196651,10844.563,-0.634904362,1364.824,-0.980851483,326.822,-0.672667603,3.615,-0.381020979,1.443215396,-0.14965616,2.238366737,-0.594311181,4.043654061,-1.027068179,25.77775551,0.964006546,35.07060893,0.745759646,21.33486265,-0.087935306,3.785605108,3.942835663,0.3446689,-0.338894274,34.76412348,-0.472478039,45.15702171,-0.015745839,0.49055474,0.151400268,0.328586442,-0.172877019,1.938301336,0.00617542,52,-0.584876778,1988
628288242.7,-0.834140257,223935079.6,-0.583250539,622454581.8,-0.821814709,68588002.36,-0.174613815,224760738.8,-0.646578226,219545401.8,-0.150640845,298691205.8,-0.342793069,2311346.551,-0.620232254,488884954,-0.783670327,139402840.5,-0.282113438,0.986894572,-0.615764995,624304.7933,-0.381272815,148830051.8,-0.113123139,101962568.8,0.170544568,294918479.1,-0.681317575,75659363.26,-0.745397847,0.873491902,0.182134807,0.905190209,1.190188954,0.848720418,-0.991397994,0.984318591,0.617257303,0.952431703,0.045807396,0.921981481,0.249864655,40,-0.089613708,-2.180699041,-0.590217497,5.67E-05,-0.356521525,4.69E-05,-0.340351449,4.91E-05,-0.381424835,1.68E-05,-0.186974578,4.67E-05,-0.251377543,7.26E-05,-0.46695683,5.95E-05,-0.471898777,2.88E-06,-0.469285898,0.215445487,1.188839758,10.91049242,1.046874022,7.551904093,1.045637392,4W,52.6584463,1.787756202,2.712597156,-0.026128269,6.460328345,-0.323607156,35615.023,-0.532205136,0.307350828,0.407613954,0.136799051,0.421840635,10494.176,-0.29591378,30575.435,-0.516895302,1154.482,-0.257095016,10494.329,-0.316001124,15938.155,-0.552168126,17769.489,-0.536812557,5039.588,-0.009142806,572.872,-0.072298449,6.659,-0.3801584,1.367978748,-0.621670657,2.116245914,-0.678369575,4.040679411,-1.085913026,25.74096971,0.950481335,34.4076844,0.60810015,20.4551462,-0.300437458,3.808045412,3.765500947,-0.606591745,0.104870729,44.79664569,0.708993585,49.87023793,0.451542368,0.620683979,1.099254906,0.485790569,0.463017184,2.389724933,0.932852586,47,-0.726627736,1989
666747411.2,-0.792605002,125174716.2,-0.694766839,656158165.8,-0.785128586,106820957.9,1.217437497,130730830.4,-0.740629238,299424692.5,0.681372296,425269923.1,0.938387592,6713925.338,-0.204608775,456256404.6,-0.81842139,210403127.8,0.603669866,0.361375209,-0.772631397,94353.901,-0.465762274,199190856.9,1.000128324,122925142.7,0.507160057,153967758.4,-0.825106137,179743338.6,0.125279162,0.868011377,0.139550274,0.931651086,1.714112726,0.974434921,0.701832474,0.952835586,0.468559273,1.037069171,0.365077794,1.005471935,0.656541581,40,-0.089613708,-1.852010486,-0.317761831,6.95E-05,-0.288908862,0.000137415,-0.30571427,6.20E-05,-0.31533586,7.75E-06,-0.404985465,0.000131575,-0.170041712,5.98E-05,-0.492744816,4.63E-05,-0.524136621,3.21E-07,-0.483619029,0.185365851,0.820353124,10.45365841,0.899677829,7.514504651,1.029913283,4W,52.39865932,1.527496667,2.728070389,-0.010490444,5.474924284,-1.017140534,46349.991,-0.413374196,0.28222154,0.272106504,0.154593164,0.599501963,17200.882,0.088595848,40677.674,-0.408207094,828.052,-0.339600588,17200.882,0.044759454,17910.393,-0.520354147,19682.282,-0.509717781,5672.317,0.158168145,396.141,-0.503527227,2.153,-0.381435266,1.436328055,-0.192865486,2.315141256,-0.541465624,4.003628736,-1.818853478,23.82936225,0.247631498,32.99112184,0.313944061,21.19029531,-0.122856638,3.812403655,3.793832148,-0.454617235,0.191056536,42.5584909,0.44541915,52.06461113,0.669101816,0.593978041,0.904730237,0.654156379,1.144060643,2.346952004,0.84504881,52,-0.584876778,1990
1436865308,0.03910937,313956727.1,-0.481601651,1430821607,0.05808733,129664166.3,2.049152383,351477887.5,-0.519832637,261627209.4,0.287678231,412538717.9,0.809527273,7105045.039,-0.167685295,1315784861,0.097020085,120889903.7,-0.513076593,2.327218187,-0.279641516,220008.3357,-0.445729333,273206907.2,2.636291133,72231743.15,-0.306870871,960143203.8,-0.002699503,122829291.9,-0.350814798,0.892869275,0.332700011,0.864306601,0.380695978,0.985722255,0.853859944,0.891692648,0.179773803,0.694973959,-0.92537757,0.799479157,-0.34683672,41,0.039205997,-0.627010309,0.697662142,6.27E-05,-0.324828089,4.87E-05,-0.339662647,5.94E-05,-0.328726791,5.21E-06,-0.466173051,4.36E-05,-0.254348277,0.000245222,-0.118631164,0.000161812,-0.067258262,0.000145,0.326737814,0.186021513,0.828385225,10.85914021,1.030327859,8.267502751,1.346501527,4W,50.2538521,-0.621211979,2.675273286,-0.063849161,6.099979467,-0.57722289,90029.883,0.070141227,0.532567157,1.622072975,0.03677136,-0.576863395,15295.979,-0.020616267,85021.196,0.068877041,675.474,-0.37816486,15308.909,-0.057014031,64156.729,0.225640988,66753.769,0.157051386,5008.687,-0.01731388,552.298,-0.122499607,1027.749,-0.090811974,1.579479688,0.705229362,2.337126424,-0.526332759,4.129402057,0.669207933,23.48483604,0.120957902,34.40883391,0.608338852,20.64930745,-0.253536341,3.75097045,4.037505933,0.852500103,-1.023806969,38.26299169,-0.060436738,44.05086327,-0.125415069,0.59789839,0.933285856,0.291706324,-0.322057919,2.385007141,0.923167957,54,-0.528176395,1991
948847617.7,-0.487941525,332292603.6,-0.460897504,945067542.6,-0.470652683,90504230.88,0.62334999,493289324.4,-0.377989372,159275576.9,-0.778404134,271976439.5,-0.613189568,2577175.499,-0.595136791,847942788.9,-0.401255491,100904157.5,-0.76241418,2.313586225,-0.283060111,106178.4156,-0.463877105,156100143.9,0.047585981,89162437.09,-0.034999017,629658882.8,-0.339837652,69766308.77,-0.794694072,0.877154068,0.210590407,0.842554262,-0.049999025,0.865848332,-0.760704596,0.849222079,-0.020819817,1.109361945,0.637781401,0.949818204,0.38545564,46,0.683304526,-1.198961299,0.223562009,7.04E-05,-0.284154847,3.77E-05,-0.343871993,6.38E-05,-0.306215006,7.17E-06,-0.418957433,2.54E-05,-0.271789362,0.00026183,-0.085119414,0.000160235,-0.073494707,0.000109,0.125099385,0.049269782,-0.846873914,3.512758905,-1.336744951,1.925551564,-1.319889251,4W,51.22360194,0.350301846,1.302785544,-1.45093633,5.550876768,-0.963684714,66817.515,-0.186808537,0.243632799,0.064020151,0.07754207,-0.169797391,12533.637,-0.178987171,60303.896,-0.197052032,648.927,-0.384874646,12537.19,-0.206111034,41703.115,-0.136556069,43580.201,-0.171202969,6513.619,0.380631534,718.928,0.284082438,280.158,-0.302656947,1.4715779,0.028282562,2.210334453,-0.613606406,4.088881534,-0.132373427,19.17092888,-1.465156931,30.31597407,-0.241563353,18.63985737,-0.738934183,3.753643077,3.918607141,0.214702022,-0.970954818,25.02545589,-1.61934412,40.74962308,-0.452713996,0.317976271,-1.105652362,0.290470335,-0.327057522,1.256401742,-1.393620221,52,-0.584876778,1992
753234389.2,-0.69920052,136117090.9,-0.682411142,741248840.4,-0.692507962,76244426.64,0.104154471,193088160,-0.678257913,245898442,0.123849271,362342030.3,0.301455878,2861933.302,-0.568254358,530109522.5,-0.739764067,223123732.5,0.762369213,0.897137567,-0.638274064,183721.1428,-0.451514558,130178016.1,-0.525435969,136504737.4,0.725220202,328106811.5,-0.647461043,144299030.3,-0.171217434,0.856014657,0.046333893,0.863536773,0.36545343,0.93027032,0.106985848,0.909079601,0.261894479,0.78452516,-0.587571533,0.811274042,-0.289384552,45,0.55448482,-1.740498812,-0.225327863,4.78E-05,-0.403533454,6.01E-05,-0.335300234,4.27E-05,-0.41416925,5.97E-06,-0.447864954,4.25E-05,-0.255402408,8.07E-05,-0.45060492,5.76E-05,-0.479377766,3.51E-05,-0.288819503,0.226936386,1.329607509,13.48150125,1.875277129,9.072846435,1.68509779,4W,50.78206919,-0.092034057,1.651646361,-1.098364611,8.072011341,0.810705151,35873.982,-0.529338584,0.354353833,0.661073478,0.167327111,0.726641199,8185.5,-0.428275054,31548.807,-0.506422965,452.06,-0.434633016,8200.98,-0.439365528,19838.534,-0.489251493,20837.55,-0.493353371,4325.175,-0.198053253,1148.16,1.331420999,100.503,-0.353565812,1.527195279,0.377211041,2.452309467,-0.447049788,4.125636764,0.5947225,21.5403636,-0.59397556,33.49535541,0.418650609,21.37737859,-0.077665259,3.845302375,3.953531121,0.402041582,0.841640439,37.35606551,-0.167240144,50.4532867,0.509348291,0.646233837,1.285358749,0.496586909,0.50668862,2.601318468,1.36720936,56,-0.471476012,1993
3296338238,2.047308851,1620207256,0.993364834,3291575858,2.083505746,58676699.72,-0.535481596,3004810901,2.134095881,138766862.2,-0.992020454,208189469.5,-1.258816527,4149489.3,-0.446703211,3207150329,2.111420401,89187523.29,-0.908588222,14.77439861,2.841835664,21930.03278,-0.477308728,108085294.8,-1.01380692,41778907.72,-0.79588029,3077298194,2.157081373,63466298.14,-0.847394542,0.891582453,0.322701204,0.819968625,-0.497193278,0.912082585,-0.137982126,0.600134299,-1.197291445,0.601793936,-1.27687229,0.718448143,-0.741533863,46,0.683304526,-2.259594881,-0.655615632,6.66E-06,-0.620844778,1.23E-06,-0.357827889,4.57E-06,-0.609254337,5.64E-06,-0.455814522,6.71E-07,-0.295487197,6.77E-05,-0.47683642,4.90E-05,-0.513387551,4.36E-05,-0.241454636,0.012724186,-1.294570944,1.648933466,-1.937286951,1.258485453,-1.60034851,4W,51.52881767,0.656072766,1.606397477,-1.144094816,7.199032885,0.196297598,21946.36,-0.683510669,0.026916529,-1.104603058,0.009306048,-0.851084638,1990.881,-0.783425651,15051.329,-0.683916422,330.725,-0.465300583,2015.921,-0.77207377,9393.76,-0.657735123,10201.322,-0.644015892,6895.031,0.481487358,1609.149,2.456247563,180.737,-0.330829891,1.407506184,-0.373686153,2.031131699,-0.736955524,4.175827012,1.587591403,16.54558238,-2.430430608,23.90111239,-1.573640507,14.27580692,-1.793103525,3.742051935,3.941507649,0.337545154,-1.200173779,19.15954597,-2.310138117,28.24525527,-1.692449953,0.126575005,-2.499809272,0.064875128,-1.23959517,0.500128695,-2.946088831,52,-0.584876778,1994
2506619630,1.194426041,1475556394,0.830030796,2499483830,1.221318932,42963763.28,-1.107585256,2165657095,1.294753738,151043174.1,-0.864151858,209947774.2,-1.241019649,3202338.953,-0.536118515,2396368600,1.247896667,110131618,-0.647294498,10.85010461,1.857709641,390589.9609,-0.418533701,89181106.52,-1.431693712,42694928.36,-0.781170897,2281349516,1.345107408,83143173.82,-0.682794726,0.859194662,0.071043026,0.714514012,-2.585188266,0.884416741,-0.510609379,0.445268552,-1.928741046,0.700494477,-0.904553011,0.466336998,-1.969551926,49,1.069763644,-2.017523376,-0.454958347,1.07E-05,-0.599504532,2.38E-06,-0.357387821,8.92E-06,-0.586998367,5.22E-06,-0.465932155,1.63E-06,-0.294568186,0.000104,-0.403590001,7.80E-05,-0.398703392,6.56E-06,-0.448673969,0.03309,-1.045082211,3.018490024,-1.49600301,1.887369309,-1.335942483,4W,50.23503883,-0.64005947,1.573227104,-1.177618029,6.730513067,-0.133449503,26702.775,-0.63085944,0.065182119,-0.898259268,0.013256127,-0.811645961,3507.142,-0.696495204,22276.783,-0.606179036,224.322,-0.492194068,3529.114,-0.690675713,15766.641,-0.554934801,16366.822,-0.556681381,4425.992,-0.171394465,1388.191,1.917103618,21.004,-0.376093455,1.492962321,0.162442669,2.514711465,-0.404097148,4.185987473,1.788586739,22.44411212,-0.261690028,27.72673224,-0.779231983,17.46505681,-1.02271613,3.785147303,3.961444071,0.444488307,-0.347947531,28.76062569,-1.179474958,33.78049884,-1.143662474,0.267681304,-1.471998297,0.087448731,-1.148284442,1.104756714,-1.70491539,62,-0.301374862,1995
1296968762,-0.111976546,771788034.3,0.035363371,1293554165,-0.091327352,60615321.61,-0.464896911,802455854,-0.068753455,230293707.4,-0.038687779,299859145.2,-0.33097164,1462717.491,-0.7003467,1127441878,-0.103574761,168803941,0.08468795,3.060457528,-0.095761329,100070.708,-0.46485085,124367757.3,-0.653874724,40495701.8,-0.816485918,945135310.6,-0.018009558,181011912.3,0.135890958,0.892017758,0.326083591,0.824785617,-0.401817126,0.865281696,-0.768336534,0.880393961,0.126408741,0.750754102,-0.714963094,0.839691957,-0.150962615,49,1.069763644,-1.461164262,0.006217408,3.71E-05,-0.460053415,1.96E-05,-0.350798281,3.39E-05,-0.459192821,4.47E-06,-0.483999355,1.89E-05,-0.278018321,0.000104,-0.403590001,8.24E-05,-0.381303036,0.000192643,0.593589473,0.124370061,0.073132201,9.20842401,0.498451651,5.441090576,0.15817334,4W,50.49486249,-0.379763188,2.119116933,-0.625921461,7.748720646,0.583171191,47230.121,-0.40363158,0.110635858,-0.653154023,0.024700597,-0.697381219,15119.113,-0.030756368,42980.752,-0.383428684,271.168,-0.480353686,15143.333,-0.065920737,23918.106,-0.423444315,24716.269,-0.438411189,4249.369,-0.218098445,801.9,0.486536531,281.783,-0.302196471,1.563758846,0.606601027,2.883039709,-0.150568878,4.084495215,-0.219144062,22.75696527,-0.146661818,29.30917629,-0.450629798,19.93443967,-0.426218052,3.844141612,3.955405102,0.41209401,0.818685938,34.52023596,-0.50119925,38.1982031,-0.705672573,0.528009755,0.424220658,0.233155102,-0.558898919,2.220118718,0.584686899,67,-0.159623905,1996
876119362.5,-0.566486817,503369887.3,-0.267723795,869239286.3,-0.553191227,55210396.46,-0.661688737,507005104.8,-0.364270514,170818253.4,-0.658176996,246091391.1,-0.875187984,2509830.226,-0.601494491,751642012.8,-0.50382071,124470607.6,-0.468404552,2.439545836,-0.25147223,108444.9204,-0.463515759,112064357.1,-0.925847704,38789652.49,-0.843881534,602270018.5,-0.367777952,114725295,-0.418605865,0.859608354,0.074257478,0.862968536,0.354202371,0.923559041,0.016592601,1.097510825,1.151877876,0.682171386,-0.973671578,0.924309045,0.261202077,48,0.940943938,-1.589028941,-0.09977185,5.29E-05,-0.376594034,4.38E-05,-0.341537719,4.61E-05,-0.396773779,4.38E-06,-0.486167419,4.36E-05,-0.254348277,8.33E-05,-0.44535862,6.07E-05,-0.467118425,5.44E-05,-0.1807189,0.115285965,-0.038151325,7.571299983,-0.029045032,4.160480052,-0.380242676,4W,51.73166262,0.859286693,1.776782173,-0.971897704,7.330422956,0.28877073,46253.394,-0.414443479,0.153463868,-0.422207789,0.033118709,-0.613332469,22064.75,0.367451678,39977.446,-0.415740724,241.576,-0.487833099,22103.2,0.308466171,14230.285,-0.57971761,14941.183,-0.576875604,6275.948,0.317784785,1308.586,1.722865103,136.544,-0.343352868,1.479591415,0.0785572,2.54850789,-0.38083434,4.02799451,-1.336847107,23.84453135,0.253208793,29.80741866,-0.347167352,19.40612712,-0.553835938,3.841557301,3.90894963,0.162897105,0.767580267,38.04300975,-0.086342728,39.88538887,-0.538397834,0.498557614,0.209692788,0.290701455,-0.326122637,2.024364781,0.18284547,58,-0.414775629,1997
2331574275,1.005380002,1957281318,1.373975546,2322421751,1.028588056,91598830.83,0.663204071,2038834092,1.167902272,156350126.1,-0.80887528,263338252.1,-0.700621949,3199665.124,-0.536370937,2232598289,1.073472965,89652240.31,-0.902790519,7.786367907,1.089392329,326967.4342,-0.428676967,163799416.9,0.217782365,33955438.9,-0.921508984,2050452017,1.109561118,69927763.22,-0.793343483,0.849374146,-0.005263912,0.826624409,-0.365409155,0.948810755,0.356704287,0.73252264,-0.572005343,0.773732593,-0.628283375,0.739698436,-0.638024978,49,1.069763644,-1.925006997,-0.37826991,1.47E-05,-0.578375575,3.70E-06,-0.356882699,1.20E-05,-0.571240117,3.38E-06,-0.51025702,3.56E-06,-0.292718665,0.000118941,-0.373441936,7.33E-05,-0.417290135,4.11E-05,-0.255213098,0.050071207,-0.837056162,4.254628462,-1.097707637,2.789739179,-0.956552824,4W,50.51482339,-0.359765979,1.7864992,-0.962077315,7.741618353,0.578172554,34279.544,-0.546988247,0.039867944,-1.034763705,0.009111657,-0.853025491,7244.891,-0.482202155,27967.96,-0.544948666,309.278,-0.470721337,7248.491,-0.490602054,18596.434,-0.509287686,19302.617,-0.515095748,6311.584,0.327207923,954.69,0.859348573,131.639,-0.344742799,1.567425889,0.629607069,2.719569952,-0.263088635,4.140688189,0.892471414,18.50926237,-1.708435015,28.00468646,-0.72151344,19.26216342,-0.588611457,3.832909368,3.893144784,0.078116593,0.596564313,26.60918628,-1.432837429,34.97427114,-1.025306835,0.34561498,-0.904333437,0.114277275,-1.039762383,1.44800744,-1.000294249,66,-0.187974096,1998
4088637640,2.902978875,3217718758,2.797211702,4040506492,2.898711676,45949352.19,-0.998880792,3737093464,2.866542795,210534016.3,-0.244502359,272827596.1,-0.604574491,661193.2358,-0.776014238,3952292215,2.905034367,97127409.88,-0.809532017,13.72044739,2.57752804,111251.9391,-0.463068239,164096050.6,0.224339605,52492776.31,-0.623837767,3743495213,2.836691315,78833092.23,-0.718849161,0.811412664,-0.300230536,0.873610198,0.564906638,0.89582917,-0.356897023,0.507641023,-1.634148343,0.702924563,-0.895386213,0.536871959,-1.625980419,50,1.198583349,-2.384233418,-0.758930685,8.08E-06,-0.613343999,3.65E-06,-0.356901833,6.17E-06,-0.601068233,5.82E-06,-0.451478394,3.14E-06,-0.293121151,5.18E-05,-0.508919562,4.28E-05,-0.537906233,0.000238,0.847637091,0.023453087,-1.163137949,3.134230904,-1.458710216,2.168723153,-1.217650924,4W,51.81688619,0.944665286,2.016365513,-0.729765868,8.821603393,1.338272602,33024.382,-0.560882287,0.024952888,-1.115191818,0.008205926,-0.862068559,11739.181,-0.224535012,24943.454,-0.577488793,267.617,-0.481251205,11744.412,-0.248756346,10911.988,-0.633244735,11673.745,-0.623158971,8080.928,0.795071144,975.77,0.910784386,157.075,-0.337534996,1.584419155,0.73621825,3.682136853,0.399466911,4.075840378,-0.390354982,20.75410244,-0.883063953,26.44764683,-1.044840275,18.60409433,-0.747573015,3.806236172,3.70990562,-0.904816751,0.069092363,30.12869634,-1.018365257,33.92741381,-1.129096702,0.252639812,-1.581559746,0.069212148,-1.222051827,1.142383818,-1.627674904,92,0.549130884,1999
2668620013,1.369383729,1796970831,1.192959278,2632527040,1.366135566,65552257.6,-0.28514444,2303023177,1.43215065,226143023.7,-0.081920804,299954041.9,-0.330011132,1111992.958,-0.733456692,2539375687,1.40020648,96181030.12,-0.821338834,7.715909798,1.071722995,136709.2428,-0.459009611,201965389.6,1.061460795,36925565.26,-0.873814911,2315785500,1.380236711,76754138.87,-0.736239896,0.677351876,-1.341903726,0.833613117,-0.227033158,0.756946999,-2.227480908,0.421063171,-2.04306598,0.754160091,-0.702114985,0.448837393,-2.054791439,50,1.198583349,-3.032708875,-1.296463281,9.17E-06,-0.607586358,2.14E-06,-0.357479661,5.20E-06,-0.606031059,3.72E-06,-0.502066556,1.67E-06,-0.294529854,3.55E-05,-0.541809827,2.82E-05,-0.595643776,9.78E-06,-0.430638532,0.028318241,-1.103538019,3.322095725,-1.398178412,2.135178431,-1.231754365,4W,50.96222717,0.088451632,3.113743901,0.379285554,8.33376222,0.994927013,24471.168,-0.655562258,0.039114967,-1.038824066,0.007698034,-0.867139493,3847.829,-0.676962898,13686.347,-0.698602022,243.776,-0.487277046,3852.443,-0.673283118,8023.879,-0.67983254,8451.445,-0.668802957,10784.821,1.510054824,937.201,0.816674905,10.88,-0.378962294,1.613824559,0.920699847,3.354742103,0.174114048,4.157968876,1.234319829,21.85943365,-0.476661552,26.60186447,-1.012816233,17.77098117,-0.948817791,3.772944378,3.558456308,-1.717222654,-0.589264718,29.54516791,-1.087083997,34.54649847,-1.067718028,0.271699283,-1.442731546,0.114435579,-1.03912204,1.200595826,-1.508177963,83,0.29397916,2000
1877257393,0.514725413,1536317746,0.898640114,1856011518,0.520903673,38461116.71,-1.271525369,1594357308,0.723325731,190248530.5,-0.455793553,234988529.9,-0.987566836,1107662.063,-0.733865549,1773659032,0.58467934,84159931.34,-0.971311306,6.83363203,0.850467271,402030.0296,-0.416709824,146612600.7,-0.162141035,34252368.5,-0.91674091,1614696816,0.66503261,58825292.35,-0.886217205,1.184342953,2.597495859,0.851720541,0.131492747,0.896247961,-0.351256388,0.808470116,-0.213296253,0.676284903,-0.995876635,0.805636948,-0.316842494,47,0.812124232,-2.648670441,-0.978127137,1.57E-05,-0.573093335,4.17E-06,-0.356702845,1.02E-05,-0.580449484,8.74E-06,-0.38113676,4.01E-06,-0.292287429,5.45E-05,-0.503471481,4.65E-05,-0.523274117,1.08E-06,-0.479367819,0.061185004,-0.70090805,4.915840254,-0.884659009,3.099684673,-0.826240278,4W,51.00630881,0.132613457,3.305074266,0.572651139,6.168524549,-0.528980444,29351.004,-0.601544817,0.030478647,-1.085394654,0.014536738,-0.798859987,6399.438,-0.530673762,18761.035,-0.644004349,336.162,-0.463926374,6400.59,-0.536212557,10368.351,-0.642014091,10932.527,-0.633658349,10589.969,1.458530596,795.639,0.471259509,1.199,-0.381705601,1.450743663,-0.102425838,2.709908065,-0.26973912,4.122656702,0.535770592,21.74858111,-0.517419234,26.24376592,-1.087177135,19.51259057,-0.528118888,3.821231004,3.646273818,-1.246151095,0.365620506,32.87055282,-0.695472812,36.15777728,-0.907969026,0.381484178,-0.643064057,0.127141275,-0.987727216,1.592462696,-0.703758161,65,-0.216324288,2001
2288475744,0.958834314,1758232480,1.149217463,2208765015,0.904873468,62260880.03,-0.404982585,1897847137,1.026883674,193389994.1,-0.423072444,264413143.3,-0.689742317,1372583.581,-0.708855751,2155100740,0.990934138,62297753.41,-1.244058825,7.313892233,0.970905894,539183.5518,-0.394843596,195961039,0.928731541,36007149.41,-0.888562766,1934688605,0.991466975,40113086.76,-1.042747421,0.674416643,-1.364710943,0.843957988,-0.022205335,0.874587134,-0.643002935,0.615731259,-1.123625121,0.740234808,-0.754644092,0.630856392,-1.168187958,44,0.425665115,-2.191570151,-0.599228749,1.46E-05,-0.578903799,5.20E-06,-0.356308698,1.11E-05,-0.575844801,5.21E-06,-0.466173051,4.82E-06,-0.291511205,6.99E-05,-0.472397243,5.39E-05,-0.494009883,1.96E-05,-0.375636049,0.033252222,-1.043094932,4.325222238,-1.074961662,3.035293644,-0.853312647,4W,50.79930488,-0.074767015,3.630480057,0.901518336,7.81602054,0.630537266,33451.678,-0.556152326,0.036103678,-1.055062174,0.009287231,-0.851272512,9137.017,-0.373722573,24567.225,-0.581536574,324.303,-0.466923751,9138.475,-0.388935562,13524.493,-0.591102672,14241.577,-0.586785546,8884.453,1.007545255,830.864,0.557209533,26.96,-0.374405702,1.784844953,1.993635806,4.165169545,0.731948725,4.11226005,0.3301029,21.31466721,-0.676958429,26.34698285,-1.065743639,19.30326039,-0.578684174,3.767903503,3.787995006,-0.48592889,-0.688949816,31.04373235,-0.910606803,35.99969247,-0.923642224,0.317318587,-1.110442899,0.119144186,-1.020075619,1.464463523,-0.966513391,101,0.804282608,2002
2873868221,1.59104834,2480978455,1.965313661,2847662671,1.600309245,55228908.65,-0.661014713,2564285742,1.693471852,181123030.2,-0.550843673,267028267.5,-0.663273045,3094542.753,-0.546294967,2751952510,1.626611597,100230383.8,-0.770820026,9.613573805,1.5476151,2240754.358,-0.123564126,158006414.9,0.08972508,45712727.94,-0.732711291,2571983198,1.641592583,67623811.62,-0.812616361,0.9020401,0.403958749,0.840793567,-0.08486068,0.818454764,-1.399041712,0.753452814,-0.473149606,0.722225692,-0.82257828,0.753035164,-0.573062586,46,0.683304526,-2.707389201,-1.026800139,8.54E-06,-0.610914169,1.44E-06,-0.357747529,5.65E-06,-0.603728717,6.57E-06,-0.433411194,1.40E-06,-0.294788596,5.91E-05,-0.494189566,4.22E-05,-0.540279009,4.07E-07,-0.483137337,0.037494698,-0.991123036,4.33702811,-1.071157699,2.848689138,-0.931768081,4W,50.32404231,-0.550894092,2.099400594,-0.645847526,9.557645063,1.856303211,24501.3627,-0.655228017,0.02564993,-1.111433081,0.01334662,-0.810742454,3578.2714,-0.692417205,16065.5672,-0.673004412,362.8977,-0.457168894,3580.2654,-0.687924164,10697.9891,-0.636696731,11264.7909,-0.62895182,8435.7955,0.888907871,776.1931,0.423810947,1.2601,-0.381688287,1.803021717,2.107671935,3.715317295,0.422305725,4.159860899,1.271748033,21.4176066,-0.639110212,27.29089742,-0.869735198,19.72190717,-0.477556883,3.836259514,3.699205307,-0.962215476,0.662814643,31.85082612,-0.815560077,35.3392997,-0.989116358,0.326055868,-1.046800996,0.094413387,-1.120112253,1.467189346,-0.960917853,90,0.492430501,2003
3866428434,2.662996671,3414202975,3.019073916,3800455961,2.637418297,27152639.43,-1.683263892,3489871464,2.619265309,229734222.2,-0.04451531,272615725,-0.606718968,9459496.518,0.054585643,3693602758,2.629516952,151815700.4,-0.127253445,12.84272908,2.357415727,9089494.522,0.968322618,105549319.1,-1.069865966,12684502.67,-1.263076133,3502168608,2.590505945,167783252.6,0.02523137,0.656947629,-1.500447901,0.827213514,-0.353744912,0.824435462,-1.318488556,0.821692484,-0.150845415,0.807103237,-0.50240226,0.81256555,-0.283093695,47,0.812124232,-2.328745299,-0.712935617,8.19E-06,-0.612762952,2.48E-06,-0.357349554,6.25E-06,-0.600658928,1.34E-05,-0.268879221,2.42E-06,-0.293811128,5.53E-05,-0.501857235,4.83E-05,-0.516155789,4.16E-08,-0.485183968,0.03822187,-0.982214911,3.904862152,-1.210405615,2.292405814,-1.16565016,4W,50.68137778,-0.192908625,2.111671055,-0.633446542,9.528904106,1.83607515,31673.0377,-0.575841019,0.018069685,-1.152308877,0.004405877,-0.900009295,8457.7861,-0.412664316,23735.6583,-0.590483254,364.38,-0.456794241,8458.4308,-0.42551667,12697.4235,-0.604444049,13160.9279,-0.602092977,7937.3794,0.757112945,839.1003,0.577306344,0.3939,-0.381933742,1.619377523,0.955537649,3.156660861,0.037770459,4.085417424,-0.200900825,23.99638165,0.309040318,27.08015952,-0.913495946,19.45565626,-0.5418718,3.857731001,3.752148785,-0.678215545,1.087420944,32.2051108,-0.773838037,34.31992572,-1.09018141,0.313601175,-1.137520335,0.082190528,-1.169553991,1.362222482,-1.176392624,77,0.123878011,2004
858879937.7,-0.585105105,403929269.1,-0.380008212,810540160.3,-0.617084829,67214303.26,-0.224629818,520257584,-0.35101506,118246082.5,-1.205762442,237384445,-0.963316314,3244210.144,-0.532165684,736920695.5,-0.519499661,77167811.36,-1.058543391,2.191624578,-0.313645391,2352767.918,-0.105705933,117844293.1,-0.79807925,62146268.67,-0.468822688,520257584,-0.45144159,103959845.4,-0.508660357,0.733358949,-0.906720051,0.752420309,-1.834645867,0.963393606,0.553118599,0.389967748,-2.189933413,0.810229011,-0.490611181,0.501913269,-1.796262073,50,1.198583349,-2.397466194,-0.769899563,3.42E-05,-0.475371909,2.09E-05,-0.350300813,2.78E-05,-0.490402342,4.93E-06,-0.472918139,1.62E-05,-0.280605735,9.60E-05,-0.419732462,4.96E-05,-0.511014775,1.97E-07,-0.484313562,0.080576618,-0.463353627,7.929589182,0.086399101,5.00727225,-0.024219925,4W,50.71709456,-0.157126876,1.560352364,-1.19062972,8.388920699,1.033747887,29335.0829,-0.601721056,0.090279711,-0.762922735,0.026212964,-0.68228133,8433.8005,-0.414039461,22511.9517,-0.603648897,331.6482,-0.465067243,8434.1177,-0.426824526,11347.756,-0.626215404,11765.5232,-0.62185893,6823.1312,0.462475073,994.5814,0.956684749,0.6398,-0.381864061,1.637458176,1.068970804,3.611797858,0.351051065,4.073506403,-0.436525928,19.08806088,-1.495625404,26.86405324,-0.958371463,19.67397681,-0.489134823,3.717981878,3.755606078,-0.6596699,-1.676167728,31.62602652,-0.842033415,38.53246111,-0.672532819,0.463646178,-0.044600304,0.279501575,-0.371426401,2.070601229,0.277759118,87,0.407379926,2005
1910141562,0.550239762,1446667719,0.797410845,1851303440,0.515778961,42886391.52,-1.11040234,1457519199,0.586456911,283487317.2,0.5153705,336100804.2,0.03585237,4142951.748,-0.447320385,1715794537,0.523050713,159858088.6,-0.026918454,4.403118302,0.240948257,3469763.192,0.072375335,171016399.2,0.377317466,73328148.02,-0.289264881,1479943536,0.527566265,121896347.2,-0.358619011,0.721159699,-1.001510122,0.895725039,1.002779158,0.918725059,-0.048515604,1.005764385,0.718548375,0.830392459,-0.414550398,0.958512999,0.427807458,49,1.069763644,-2.213514214,-0.617418565,1.66E-05,-0.56833932,7.41E-06,-0.355463002,1.39E-05,-0.561519119,7.68E-06,-0.406671737,7.35E-06,-0.289086702,4.43E-05,-0.52405312,3.89E-05,-0.553329276,1.76E-07,-0.484431184,0.052247841,-0.810391593,6.172536297,-0.479739783,3.512204396,-0.652801733,4W,50.90103943,0.027152591,1.290121193,-1.463735395,8.456277864,1.08115427,31742.8097,-0.575068677,0.080328101,-0.816585907,0.032976882,-0.614748509,10714.8013,-0.283264865,25741.5019,-0.568902736,329.4371,-0.465626101,10715.2088,-0.304119503,12568.2987,-0.606526949,13075.9281,-0.603297002,6001.3078,0.245162362,973.1791,0.904462515,0.7276,-0.381839182,1.73085628,1.654925391,4.211479179,0.763824645,4.072038939,-0.465555459,23.01103121,-0.053248181,27.25041366,-0.878141847,19.92627386,-0.428190565,3.827880633,3.801237362,-0.414894113,0.497119287,37.62716909,-0.135313857,38.47290727,-0.678437239,0.395231826,-0.542926901,0.18898928,-0.737550655,1.820109823,-0.236446758,100,0.775932417,2006
798404064.5,-0.650418031,300970734.6,-0.496264921,726604025.7,-0.708448744,67984138.64,-0.196600325,404029084.1,-0.467269646,223320897,-0.111315738,301127264.1,-0.318136232,524377.994,-0.78893022,614403476.3,-0.649986724,119720574.4,-0.527664877,1.34172203,-0.526782127,53188.98686,-0.472325149,179406917.8,0.562794189,65072888.95,-0.421827232,406172602.5,-0.567823509,67419799.61,-0.81432295,0.955395623,0.818539468,0.805118049,-0.791233788,0.944550722,0.299326518,0.444741603,-1.93122989,0.71816599,-0.837892333,0.540068045,-1.610412478,51,1.327403055,-2.42379183,-0.791721341,3.66E-05,-0.462694534,2.91E-05,-0.347162936,3.10E-05,-0.474030134,5.20E-06,-0.466413947,2.17E-05,-0.275335077,5.12E-05,-0.510130247,3.93E-05,-0.551747425,4.27E-07,-0.483025316,0.06877128,-0.607973372,9.252553641,0.512670631,4.724544565,-0.143089098,4W,50.9879533,0.114224559,2.505486251,-0.235442255,7.197810004,0.195436927,29130.6633,-0.603983883,0.18555254,-0.24917248,0.067468317,-0.270376517,8750.5741,-0.395878161,22429.4684,-0.604536321,353.7153,-0.459489757,8750.5826,-0.409801167,11443.1854,-0.624676042,11844.7323,-0.620736931,6701.1949,0.430231762,832.38,0.560908617,0.2238,-0.381981943,1.567728745,0.631507106,5.129023059,1.395389875,4.075971497,-0.387761172,18.84643886,-1.584463725,28.67537915,-0.582240849,17.29034117,-1.064920012,3.624785575,3.747209946,-0.704708514,-3.519157806,29.98168366,-1.035678083,43.65913207,-0.164252959,0.463927597,-0.042550462,0.389009768,0.071536683,2.224899583,0.594501004,121,1.371286439,2007
969941495.4,-0.465160492,667855640.2,-0.081992982,919840233.2,-0.498112439,55565427.98,-0.648762138,683627651.2,-0.187608327,155043317.7,-0.82248684,219769296.6,-1.141610011,1325329.42,-0.713316759,827935539.7,-0.422564228,104825503.1,-0.713492371,3.110660415,-0.083171557,1355870.539,-0.264640132,106663057.8,-1.0452462,61698185.2,-0.476017979,683627651.2,-0.2847823,63498363.44,-0.847126312,0.779453807,-0.548555829,0.757929012,-1.72557388,0.961469323,0.527200709,0.848369132,-0.024848389,0.770621102,-0.640020576,0.824634286,-0.224307615,48,0.940943938,-2.598750588,-0.936747702,2.61E-05,-0.518158047,4.89E-06,-0.356427325,1.91E-05,-0.534914281,6.60E-06,-0.432688506,4.78E-06,-0.291549537,7.94E-05,-0.45322807,5.79E-05,-0.478191378,3.41E-07,-0.483507008,0.075362424,-0.527229427,9.892766073,0.718953068,5.265497341,0.084347451,4W,49.99494817,-0.880586858,2.53928122,-0.201287802,7.52594441,0.42637992,25280.5142,-0.646603184,0.108674187,-0.66373216,0.042851004,-0.516162554,3268.8852,-0.71015497,17609.2867,-0.656395806,366.74,-0.456197748,3268.8956,-0.704673446,12315.0521,-0.610612045,12727.9678,-0.608225871,7671.2275,0.686735062,612.7717,0.025057979,0.4524,-0.381917165,1.592265658,0.785445099,5.190466088,1.437682437,4.142623182,0.930749654,22.53866851,-0.226924029,29.07268144,-0.499739101,19.73828873,-0.473599793,3.78652114,3.732790793,-0.782055878,-0.320779415,33.86808081,-0.577999758,39.74230853,-0.552583425,0.479544794,0.071204392,0.23841824,-0.537609409,2.29180379,0.73184119,119,1.314586056,2008
1126617868,-0.295952645,530309933.5,-0.237304159,1080909056,-0.322790115,68722480.55,-0.169717501,532551192.7,-0.338718692,386151643.4,1.584709846,462137771.9,1.311549652,233627.6366,-0.816378377,897585887.4,-0.348383069,204586876.8,0.531107652,1.152629846,-0.574202259,7062.02307,-0.479679117,251085719.9,2.147290925,96539194.6,0.083456419,533380096.8,-0.438054874,198692233.8,0.28378932,0.819299044,-0.238952135,0.821372096,-0.469404636,0.85746053,-0.873678689,1.037279151,0.867396416,0.908668004,-0.119278516,0.935126739,0.313894407,46,0.683304526,-2.367391072,-0.744969771,3.19E-05,-0.487521059,2.83E-05,-0.347469071,2.45E-05,-0.507286181,5.96E-06,-0.44810585,2.82E-05,-0.269106118,2.26E-05,-0.567839546,1.99E-05,-0.628467173,8.42E-07,-0.480700873,0.077325617,-0.503179588,11.36163273,1.192235652,6.43595256,0.576450104,4W,51.55064813,0.677942936,2.702070381,-0.03676702,7.312694326,0.276293212,35869.1291,-0.529392303,0.218621593,-0.070850553,0.074422268,-0.200946354,15031.3926,-0.035785564,26493.0924,-0.560816507,409.8821,-0.445293531,15031.3977,-0.071941989,8742.7197,-0.668236991,9187.2169,-0.658380724,9376.0367,1.137533506,292.7185,-0.755881135,0.1968,-0.381989594,1.47316385,0.038232386,5.862329178,1.900140284,3.985378564,-2.17988035,24.26309875,0.407105467,29.82184674,-0.344171291,21.15377608,-0.131678134,3.796158582,3.681334025,-1.058080784,-0.130195567,39.9053617,0.132975599,45.68295458,0.036397372,0.495434454,0.186943852,0.426840198,0.224561617,2.430242129,1.01602582,135,1.768189121,2009
1901456263,0.540859786,1510517635,0.869507648,1866297567,0.532099967,62763805.27,-0.386671216,1517970171,0.64692145,208697332.2,-0.263633041,294749640.4,-0.382688065,9986544.64,0.104341384,1731325145,0.539591599,143457925.5,-0.231523128,5.150032308,0.428257748,9427096.776,1.022146155,128760761.6,-0.556765107,34759667.02,-0.908594748,1521252764,0.569707195,170224548.9,0.045653155,0.701258007,-1.156149367,0.784295847,-1.203512134,0.814900128,-1.446918591,0.948632541,0.448707785,0.748132901,-0.724850818,0.894398034,0.115507361,45,0.55448482,-2.548498392,-0.895092782,1.70E-05,-0.566226424,6.56E-06,-0.355788269,1.15E-05,-0.573798275,6.19E-06,-0.442565242,6.53E-06,-0.28987251,4.26E-05,-0.527483393,3.15E-05,-0.582593509,2.06E-09,-0.485405434,0.033296879,-1.042547867,5.461781776,-0.708751541,2.689996715,-0.998488244,4W,51.7591862,0.886860339,3.41273621,0.681458304,7.852475906,0.656194775,32257.1644,-0.569375017,0.046005203,-1.001669082,0.014475093,-0.799475468,9912.323,-0.329272642,21390.0066,-0.615719707,388.6784,-0.450652791,9914.0393,-0.347216213,8881.5843,-0.665996979,9295.9432,-0.656840612,10867.1578,1.531826939,793.0071,0.464837596,0.0206,-0.382039524,1.593753353,0.794778498,5.69995774,1.788376523,4.054429668,-0.813903958,22.58276844,-0.210709598,26.61334818,-1.010431585,20.029328,-0.403297059,3.846395105,3.64877476,-1.232735517,0.863249564,35.58306313,-0.376036293,36.40564143,-0.883394725,0.346112123,-0.900712274,0.15888745,-0.859313229,1.697775069,-0.487574134,135,1.768189121,2010
1723391024,0.348552323,913426217.8,0.195295611,1666847827,0.315000274,59792084.83,-0.494870734,965177106.7,0.094004319,289538263.3,0.578396431,363674930,0.314946972,7220038.678,-0.156829372,1432672289,0.221511135,243969065.3,1.022430805,2.663589714,-0.195286987,6750235.474,0.595377246,105594321.7,-1.06887116,70171437.96,-0.339955102,972604483.2,0.010012667,508786214.3,2.877768831,0.566557896,-2.202790196,0.806965703,-0.75465035,0.888641001,-0.453713432,0.712706737,-0.665598243,1.039888197,0.375711756,0.848795113,-0.106621695,46,0.683304526,-2.490958396,-0.847396877,1.97E-05,-0.551964378,1.26E-05,-0.353476956,1.41E-05,-0.560495856,6.65E-06,-0.431484026,1.19E-05,-0.284726431,2.87E-05,-0.555530919,2.41E-05,-0.611857743,3.41E-07,-0.483507008,0.058496606,-0.733841917,9.77449088,0.680843694,6.662475538,0.67168874,4W,51.83385056,0.961660514,4.444188286,1.723882143,8.751648445,1.289037883,33910.7828,-0.551070256,0.059582919,-0.928452456,0.03895323,-0.555079003,11511.4844,-0.23758934,23452.5645,-0.59352901,397.3656,-0.448457091,11511.6291,-0.261278262,8320.4411,-0.675048726,8758.0717,-0.66445958,10458.2183,1.423692087,732.4005,0.31695573,2.4653,-0.381346769,1.681112079,1.342843652,6.339913389,2.228871791,4.013197653,-1.629560129,19.97733763,-1.168660778,26.4376904,-1.046907776,24.2248319,0.610158591,3.858084358,3.652052435,-1.21515338,1.094408705,34.15091836,-0.54469163,39.32239257,-0.59421567,0.454384865,-0.112059228,0.216770327,-0.6251757,2.279776021,0.707150725,151,2.221792186,2011
1917045601,0.557696008,1131904475,0.441992627,1870197704,0.53634524,49343542.3,-0.875299271,1159203129,0.288073888,247258468.7,0.138015146,307337418.4,-0.25527946,6361638.955,-0.237866213,1671161056,0.475513788,205496740.3,0.5424589,4.656516067,0.304494805,5996650.247,0.475234023,91141100.04,-1.388367048,31320646.77,-0.963818285,1431190209,0.47783136,309677352.2,1.212195355,0.541839949,-2.394852492,0.794909957,-0.993353395,0.966004548,0.588284999,0.843568309,-0.047523255,0.864522213,-0.28580576,0.843791275,-0.130995086,50,1.198583349,-2.852391399,-1.146994986,1.35E-05,-0.584714262,1.62E-06,-0.357678648,8.54E-06,-0.588942567,8.72E-06,-0.381618552,1.59E-06,-0.294606518,4.01E-05,-0.532527912,3.37E-05,-0.573893332,4.54E-07,-0.482874087,0.043435306,-0.918348397,7.254684062,-0.131061645,5.198005027,0.055971186,4W,50.33288034,-0.542039986,6.646651789,3.949773692,7.903338912,0.691992468,25883.6764,-0.639926468,0.033347953,-1.069922176,0.01628717,-0.781383192,1837.8841,-0.792197287,15969.5226,-0.674037739,430.0666,-0.440191874,1837.9172,-0.781648995,9909.7039,-0.649412482,10371.9874,-0.641598411,9914.1538,1.279826469,677.236,0.182352746,2.8864,-0.381227442,1.605032578,0.865541322,6.068891404,2.042321517,4.099522552,0.07812834,22.81621009,-0.124878992,25.97618024,-1.1427426,20.86436245,-0.201588182,3.841037518,3.61239593,-1.427879198,0.757301373,35.40228927,-0.397324977,37.56370542,-0.768579359,0.39818231,-0.521435728,0.163136044,-0.842127572,1.981647338,0.095155594,145,2.051691036,2012
1308630928,-0.099381603,909493880.8,0.190855372,1277028838,-0.109315058,48185361.62,-0.917468308,910370585,0.039185496,232414230.4,-0.016600665,297981527.9,-0.349976154,11109367.65,0.210340988,1106570652,-0.125803677,176223940.7,0.177258165,3.075343233,-0.092028324,9968757.471,1.108502495,104508113.2,-1.092882357,86000969.43,-0.085765635,923381364.6,-0.040201489,152176260.4,-0.105323303,0.801443565,-0.377691987,0.856909685,0.234237486,0.942291783,0.268901195,1.074573641,1.04354279,0.901478132,-0.146400231,1.020695714,0.730695683,47,0.812124232,-2.906259379,-1.191647092,2.13E-05,-0.543512795,3.26E-06,-0.357051073,1.28E-05,-0.567147065,1.17E-05,-0.309831542,3.26E-06,-0.293006155,3.60E-05,-0.540800923,3.01E-05,-0.588129986,6.19E-07,-0.481949911,0.043765832,-0.914299332,7.214748186,-0.143929358,3.776966505,-0.541485952,4W,51.49522978,0.622423779,3.775294114,1.047872809,9.541756345,1.845120634,27727.1935,-0.619519619,0.078830193,-0.824663243,0.065072339,-0.294298622,2965.3614,-0.727556631,16270.986,-0.670794347,563.4249,-0.406485405,2965.453,-0.720996307,8361.9027,-0.674379913,8975.8723,-0.661374427,11456.2075,1.687587882,1064.9707,1.128436688,6.8754,-0.380097079,1.478404541,0.071111072,6.127439175,2.082621209,4.096783792,0.023949894,22.69898048,-0.167981362,27.44695656,-0.83732876,20.25331619,-0.349191021,3.844289074,3.559121412,-1.713654897,0.821602051,39.46906497,0.081595478,40.42852039,-0.484549476,0.398184396,-0.521420534,0.230779647,-0.568507688,1.97612729,0.083824103,143,1.994990653,2013
1570861642,0.183823157,1097660102,0.403325234,1520059019,0.15522165,43164617.23,-1.100272219,1104931742,0.23379032,299083318,0.67781658,371277781.6,0.391900086,3778683.27,-0.481708988,1295205516,0.075102037,234297267.7,0.901767676,2.984962018,-0.114693931,3456056.639,0.070190115,128028055.3,-0.572961956,51786671.08,-0.635176353,1127936188,0.168471753,207862785.4,0.360502266,0.955205133,0.817059331,0.89269366,0.942758037,0.868909087,-0.719479729,1.074656637,1.04393479,0.742760547,-0.745116471,0.965612547,0.462388925,45,0.55448482,-2.927583488,-1.209323017,1.45E-05,-0.579432022,1.18E-06,-0.357847022,8.80E-06,-0.587612325,1.20E-05,-0.302604662,1.17E-06,-0.295009005,2.50E-05,-0.562996808,2.17E-05,-0.621348846,3.81E-06,-0.464076905,0.045559227,-0.892329582,6.922699485,-0.238030183,4.282630734,-0.328886013,4W,51.69271754,0.820270772,3.159058289,0.42508196,7.456684405,0.377634306,22527.1112,-0.677082033,0.064720304,-0.900749564,0.030325928,-0.641216364,1295.7808,-0.823277215,13229.6484,-0.703515562,519.7241,-0.417530834,1295.8326,-0.810808945,7472.2404,-0.688730968,8046.6458,-0.674536951,9297.3698,1.116731814,1074.6689,1.152100578,14.3822,-0.377969876,1.615850964,0.933412967,5.56004666,1.692072711,4.138715754,0.853452492,21.66616769,-0.54772057,26.93742646,-0.943135158,19.23539522,-0.595077518,3.861780273,3.640060879,-1.279478604,1.16749674,39.28832687,0.060311006,38.14471861,-0.710975252,0.396867176,-0.531015096,0.239262122,-0.534195887,1.934805793,-0.00100019,131,1.654788355,2014
2587322759,1.281584062,1994367887,1.415852235,2571236058,1.299420747,22963437.58,-1.83579157,2273302442,1.402423245,198335926.5,-0.371556203,229830679.7,-1.039772595,3297053.265,-0.527177053,2415900523,1.268699157,158541472.7,-0.043344252,9.917609575,1.623860538,3010324.573,-0.000872434,63384690.76,-2.001936732,52572197.22,-0.622562431,2301658887,1.365825679,150012121.9,-0.123426624,0.53862727,-2.419815508,0.880451411,0.700362243,0.987031813,0.871498192,0.552644692,-1.421590586,0.759461465,-0.682117083,0.579066622,-1.42045278,47,0.812124232,-3.059601502,-1.318755047,9.47E-06,-0.606001686,1.42E-06,-0.357755182,5.28E-06,-0.605621753,2.44E-05,-0.003893613,1.25E-06,-0.294932341,3.61E-05,-0.540599143,3.40E-05,-0.572706944,9.28E-06,-0.433439066,0.020369223,-1.200916421,3.688737379,-1.28004304,2.478217517,-1.087528049,4W,51.59258582,0.719956911,3.828026013,1.101165628,7.501962439,0.409501262,24330.5022,-0.657119361,0.024134076,-1.119607188,0.018124499,-0.763038793,2837.5443,-0.734884655,13473.3544,-0.700893572,560.8968,-0.407124385,2837.6538,-0.727870913,7156.2505,-0.693828171,7806.3985,-0.677940062,10856.9709,1.529133242,925.696,0.78860237,30.6043,-0.373373017,1.404795373,-0.390693053,5.387205013,1.57310208,4.12100932,0.503181904,18.68698031,-1.643092612,24.67259019,-1.413439399,18.588704,-0.751290666,3.835188539,3.549280614,-1.766443003,0.641635731,30.29350088,-0.998957188,34.42634333,-1.079630717,0.266910233,-1.477614739,0.089686717,-1.139231739,1.305284226,-1.29327482,133,1.711488738,2015
