BiomassFlatfish,BiomassFlatfish_s,BiomassGadoids,BiomassGadoids_s,BiomassGroundfish,BiomassGroundfish_s,BiomassSkates,BiomassSkates_s,BiomassTL4,BiomassTL4_s,BTGLargeBenthivore,BTGLargeBenthivore_s,BTGMediumBenthivore,BTGMediumBenthivore_s,BTGPiscivore,BTGPiscivore_s,BTGZoopiscivore,BTGZoopiscivore_s,CCLargeBenthivore,CCLargeBenthivore_s,CCMediumBenthivore,CCMediumBenthivore_s,CCPiscivore,CCPiscivore_s,CCZoopiscivore,CCZoopiscivore_s,CommunityCondition,CommunityCondition_s,DiversityTargetSpp.L,DiversityTargetSpp.L_s,FishinginBalance.L,FishinginBalance.L_s,FPFlatfish.L,FPFlatfish.L_s,FPGadoids.L,FPGadoids.L_s,FPGroundfish.L,FPGroundfish.L_s,FPSkates.L,FPSkates.L_s,Heips,Heips_s,HillN1Diversity,HillN1Diversity_s,HillN2Dominance,HillN2Dominance_s,ID,Intrinsicvulnerabilityindex.L,Intrinsicvulnerabilityindex.L_s,InverseCVBiomass,InverseCVBiomass_s,KemptonQ,KemptonQ_s,Landings.L,Landings.L_s,LargeFishIndicator,LargeFishIndicator_s,LargeSpeciesIndicator,LargeSpeciesIndicator_s,LClupeids.L,LClupeids.L_s,LFinfish.L,LFinfish.L_s,LFlatfish.L,LFlatfish.L_s,LForageFish.L,LForageFish.L_s,LGadoids.L,LGadoids.L_s,LGroundfish.L,LGroundfish.L_s,LInvertebrates.L,LInvertebrates.L_s,LLargePelagic.L,LLargePelagic.L_s,LSkates.L,LSkates.L_s,MargalefGroundfish,MargalefGroundfish_s,MargalefRichness,MargalefRichness_s,MarineTrophicIndex.L,MarineTrophicIndex.L_s,MeanLengthAbundance,MeanLengthAbundance_s,MeanLengthBiomass,MeanLengthBiomass_s,MeanLifespan,MeanLifespan_s,MeanTrophicLevel,MeanTrophicLevel.L,MeanTrophicLevel.L_s,MeanTrophicLevel_s,MMLengthAbundance,MMLengthAbundance_s,MMLengthBiomass,MMLengthBiomass_s,PielouEvenness,PielouEvenness_s,PropPredatoryFish,PropPredatoryFish_s,ShannonDiversity,ShannonDiversity_s,SpeciesRichness,SpeciesRichness_s,YEAR
124907270.5,0.5377689,48285287.65,-0.089032983,226704790.1,0.667633382,48174505.78,2.275644672,37555431.51,-0.32973199,19544649.23,4.877728574,137645366.7,0.74336078,71036606.62,0.074777111,64170372.82,-0.311589527,0.723395164,-2.307628076,0.776624614,-0.158098865,0.826817936,-1.178215018,1.496535758,0.318014543,0.954309728,0.460577149,27,-0.46789985,-0.207702349,1.144621838,3.95E-05,0.093145029,0.000743166,1.021195584,0.000180689,0.572924561,1.41E-06,-0.42941231,0.171046589,1.490905767,7.328723805,1.287431627,4.344030972,1.13372964,4VS,51.41330717,-0.235088689,3.667724416,0.03300229,6.762417734,0.765618876,76068,1.75755876,0.515076539,1.176807927,0.146842584,0.248361797,26562,6.315290759,75453,1.682010038,4928,0.359837779,26701,6.126388392,35884,0.811972779,40963,0.745896911,615,-0.899979738,598,3.242999683,68,-0.321377309,1.115069246,-1.758276364,1.761939939,-0.709078397,4.058199911,-0.056234889,25.51926788,1.169698138,45.35315452,1.880395724,30.13062778,0.844388838,3.675084285,4.027573232,0.896186619,-0.14893342,49.18057129,1.233425433,61.97575634,1.139245293,0.547561297,1.253190614,0.540958219,0.364968932,1.991801395,1.150644686,38,-0.76187439,1970
130910577.2,0.68204369,68137262.62,0.312644276,222536718.1,0.611096778,18259235.73,0.164339079,65864884.6,0.332751579,2519100.192,0.13317821,140716079.4,0.813957603,86718757.95,0.403925117,52459775.94,-0.445161155,0.935856593,0.360479566,1.062841314,3.678144866,0.934672384,0.268759321,1.551208848,0.578593715,1.333128914,1.38720884,22,-1.236592462,-0.372100005,1.057700374,7.58E-05,1.189486428,0.000441755,0.285857976,0.000193456,0.682574282,8.40E-05,0.611481475,0.124939372,0.754528481,5.497817384,0.452849245,3.170873956,0.264376327,4VS,51.48644764,-0.215761836,3.778578558,0.090979783,4.367202375,-1.696994726,74896,1.704803215,0.484581441,1.0335983,0.228099701,0.944197602,7029,1.490144976,74452,1.646012823,9924,1.763412072,7540,1.535802843,30100,0.541456963,43051,0.831957272,444,-0.91989629,0,-1.133971686,1534,1.036377538,1.064344643,-2.137885321,1.719716063,-0.738996431,4.01658168,-0.442939991,26.27351813,1.391599609,37.64597862,0.88610286,30.4225675,0.883583649,3.711875284,3.962919611,0.790258012,0.234672873,51.7818026,1.480907482,60.50875417,1.02747625,0.471999424,0.772015892,0.78465439,1.241556338,1.704351174,0.615045625,37,-0.790390437,1971
116131730.8,0.326870273,72964702.39,0.410320843,228214457.9,0.688110833,33569169.73,1.244855793,69335894.88,0.413978414,847269.9447,-0.332714713,120631051.9,0.352195377,104582558,0.7788631,23158162.57,-0.779376759,0.929928236,0.286030784,0.805072746,0.223199529,0.965126895,0.677336777,1.500393219,0.336399712,0.923537285,0.385304507,24,-0.929115417,-0.270721875,1.111301719,7.78E-05,1.249890913,0.00052694,0.493679635,0.000215263,0.869864285,2.70E-05,-0.106897817,0.006940833,-1.130023429,1.312337475,-1.455018767,1.092449787,-1.275813871,4VS,50.91945896,-0.365584593,1.550098639,-1.074530822,5.580214786,-0.449849724,66938,1.346587663,0.163787209,-0.472900298,0.083277245,-0.295972539,2382,0.342218264,66612,1.364076598,9032,1.51281394,2828,0.406903562,38448,0.931890233,49126,1.082348409,326,-0.933639875,0,-1.133971686,905,0.453821059,1.311218797,-0.290347154,1.873501419,-0.630030698,4.112333052,0.446755298,22.99808195,0.427961737,28.49024804,-0.295066182,13.97996369,-1.323943122,3.626651327,4.055733465,0.942324395,-0.653926162,26.96132087,-0.880521752,36.92537745,-0.769311456,0.07099382,-1.781570359,0.240377664,-0.716234471,0.271809879,-2.054174,46,-0.533746013,1972
89768601.86,-0.306703034,31340433.47,-0.431888674,181055861.4,0.048441729,51194596.42,2.488791144,33041807.46,-0.435357548,1818542.223,-0.062047951,90536937.93,-0.339679458,86829147.57,0.406242052,47380292.68,-0.503097984,0.857968714,-0.617642657,0.893276791,1.405423399,0.99137598,1.029494274,1.565333739,0.645914812,1.076224814,0.75879431,23,-1.082853939,-0.653195783,0.909077475,0.000145106,3.282683039,0.000909305,1.42651674,0.000234839,1.037993284,7.91E-06,-0.347491865,0.159932331,1.313400212,6.117834592,0.735471793,3.946223231,0.838939196,4VS,49.33945263,-0.783090115,1.415700541,-1.144821968,5.117232819,-0.925859402,56681,0.884886617,0.448817223,0.865644082,0.1375702,0.168958822,1902,0.223646105,56379,0.996085094,13026,2.634886743,1992,0.20661498,28498,0.46653194,42519,0.810030015,302,-0.93643518,0,-1.133971686,405,-0.009260403,1.139789609,-1.573275977,1.513562671,-0.885067918,4.053926863,-0.09593887,25.49421041,1.162326196,40.03659807,1.194513605,27.49838366,0.490992902,3.689092164,3.961862386,0.788525852,-0.002878388,40.04259156,0.364034875,58.51226475,0.875366241,0.518004946,1.064977055,0.723024122,1.019869159,1.811208209,0.81414976,33,-0.904454625,1973
174954214.1,1.74052475,27541247.56,-0.508759946,239429377,0.84023235,28702070.98,0.901354537,28956020.9,-0.530971068,358147.88,-0.469019526,175169174.4,1.606047027,58879593.03,-0.180382829,46391561.82,-0.514375495,0.915364104,0.103133247,0.880065523,1.228349021,0.915345983,0.009476493,1.590631415,0.766486879,0.997854895,0.567093221,24,-0.929115417,-0.99667278,0.727471947,7.35E-05,1.12002127,0.000775019,1.098905783,0.00014393,0.257218907,3.10E-06,-0.408112994,0.167293856,1.430970956,8.360929649,1.75794219,5.286908109,1.832436933,4VS,47.5444042,-1.257418994,1.521485723,-1.089495577,5.339762233,-0.697068299,43857,0.307636523,0.402734301,0.649231658,0.0619885,-0.478276214,850,-0.036224543,43622,0.537327386,12851,2.585722311,1030,-0.023860637,21345,0.131988435,34461,0.477906265,235,-0.944238742,0,-1.133971686,89,-0.301927887,1.377029868,0.202164774,2.02406074,-0.523350795,3.993985253,-0.652899746,22.04101713,0.146391938,35.58044452,0.619630959,27.14925706,0.44412038,3.607365731,3.924090804,0.726640825,-0.855010019,37.76386839,0.147236363,52.45198344,0.413641057,0.55785603,1.318747026,0.764022651,1.167342933,2.123569623,1.396165245,45,-0.56226206,1974
147513476.1,1.081053746,26530557.97,-0.529209852,246859517.1,0.94101633,63118090.24,3.330305834,25821881.45,-0.604314621,1412828.314,-0.175109213,151384039.1,1.059217951,94553875.33,0.568374064,37711587.3,-0.6133797,1.036581496,1.625390965,0.848041893,0.799127212,1.0644791,2.010245098,1.479097082,0.234899509,0.981662738,0.527485497,24,-0.929115417,-1.240911067,0.598336595,5.78E-05,0.645846065,0.000539604,0.524575374,9.95E-05,-0.124369335,1.13E-05,-0.304767202,0.13965548,0.989559098,5.748286324,0.567020544,3.934507528,0.830257421,4VS,48.54824496,-0.992161158,5.158349196,0.81260949,4.4175334,-1.645247452,33673,-0.150778555,0.493192181,1.074035647,0.115972185,-0.01599325,1381,0.094945908,33361,0.168328967,8532,1.372344135,1386,0.061429716,14316,-0.19675563,24551,0.069449283,312,-0.93527047,64,-0.665533279,716,0.278776266,1.102233166,-1.854338051,1.611671496,-0.815552196,4.014475033,-0.462514372,24.4922549,0.867549494,39.85053013,1.170509219,26.58394806,0.368223961,3.608525263,3.932776575,0.740871608,-0.842920003,49.14307478,1.229858002,58.93681625,0.907712284,0.491907332,0.898788584,0.854629073,1.493258799,1.74890178,0.698055695,35,-0.847422531,1975
167851063,1.569817891,30895559.25,-0.440890088,229412979.3,0.704367829,24013490.24,0.570452402,31202295.21,-0.478404887,2293696.033,0.070364295,168704582.3,1.457423659,54545276.19,-0.271354515,83477834.11,-0.091367699,0.862801851,-0.556947735,0.815142415,0.358166163,1.039986173,1.681648202,1.602512005,0.823111341,1.024241142,0.631636765,28,-0.314161328,0.074820714,1.293999381,4.66E-05,0.30758095,0.001859717,3.745190202,0.000333691,1.886986328,0.000284798,3.142167881,0.113021518,0.564188713,4.164602506,-0.154870318,2.855977942,0.03102658,4VS,47.3352659,-1.312682313,4.615827509,0.528866848,4.630557955,-1.426228663,93252,2.531066684,0.346257486,0.384007929,0.071779971,-0.394428099,3329,0.576151252,92970,2.311943311,7830,1.175124528,7242,1.464408109,57457,1.820935037,76553,2.212797414,282,-0.938764602,122,-0.241010972,6839,5.949671851,1.014487607,-2.511001646,1.278794288,-1.051414765,4.084504762,0.188182517,24.73494098,0.938948075,33.32015664,0.328034123,26.50564905,0.357711808,3.679140371,4.061815282,0.952288855,-0.106642094,36.62175904,0.038575683,50.30536625,0.250093003,0.423669587,0.464253591,0.658694547,0.788472436,1.426620834,0.097557385,29,-1.018518814,1976
221102826.1,2.849593737,51287722.12,-0.028282874,309534342.6,1.791150821,28492090.53,0.886534918,48136278.09,-0.082124345,359984.3109,-0.468507763,228332623.3,2.828294422,81636227.32,0.297249395,72336492.93,-0.21844637,1.006668176,1.249737096,0.91681436,1.720904122,1.130078496,2.890326026,1.776479959,1.6522656,1.040337277,0.671009609,20,-1.544069506,-2.124106524,0.131367398,2.87E-05,-0.233039189,8.68E-05,-0.580108298,3.64E-05,-0.666305372,1.34E-05,-0.278300596,0.116084145,0.613101858,4.714692653,0.095877367,2.799830541,-0.010580748,4VS,47.41706647,-1.29106709,4.38989007,0.410699985,4.151465332,-1.918802329,18735,-0.823186688,0.345273806,0.379388418,0.124326365,0.055546792,0,-0.246196074,18551,-0.364257194,6344,0.757648267,8,-0.268711032,4450,-0.65818527,11260,-0.478361186,184,-0.950178766,157,0.015166282,382,-0.03056215,1.137368348,-1.591396027,1.504639916,-0.891390201,3.866445651,-1.837962483,26.19700184,1.36908841,34.82401774,0.522045312,24.188605,0.046633537,3.571101891,3.803837774,0.529618047,-1.233119818,47.10221338,1.035689742,53.75612715,0.51300212,0.443495031,0.590501156,0.814980891,1.35064229,1.550683729,0.328720783,33,-0.904454625,1977
53791164.03,-1.171332734,28799377.53,-0.483303426,119268734.7,-0.789651828,23242760.63,0.516057247,29261117.66,-0.523831347,13511427.94,3.196436405,53357464.87,-1.194449324,49869753.93,-0.369487661,110193405.9,0.21335139,0.918400361,0.141262806,0.794064968,0.075659154,0.968121735,0.717515524,1.552251961,0.58356533,1.241922093,1.164107334,22,-1.236592462,-1.028482465,0.710653311,0.000111728,2.274592593,0.000684901,0.879049326,0.000218299,0.895939052,5.55E-06,-0.377235288,0.137790818,0.959778625,5.822678634,0.600930803,3.385547599,0.423457542,4VS,49.64397629,-0.702621887,4.595578483,0.518276465,4.205045262,-1.863714729,34214,-0.126426379,0.394191622,0.609113936,0.164417063,0.39885879,0,-0.246196074,34082,0.19425703,6010,0.663814438,157,-0.233013665,19724,0.056174787,26036,0.130656005,132,-0.956235261,26,-0.943668583,129,-0.26488137,1.372495111,0.168227902,1.704606049,-0.749702742,4.061543228,-0.025169712,26.75149968,1.532222445,37.67675906,0.890073805,34.58314152,1.442167839,3.789242595,4.018111104,0.880683852,1.041353533,46.83872628,1.010621487,55.6713171,0.658918025,0.491628601,0.897013637,0.526638867,0.313461501,1.761760402,0.722014855,36,-0.818906484,1978
122875380.8,0.488937402,52848605.26,0.003299438,195242862.7,0.240877193,14489818.14,-0.10169203,54300676.62,0.062131806,1139646.818,-0.251237353,122333951.7,0.391345674,71179752.96,0.077781567,20407828.58,-0.8107472,0.936498866,0.368545281,0.667168073,-1.625175975,0.909684327,-0.066480235,1.202145548,-1.085088102,0.792514035,0.064807816,21,-1.390330984,-1.034458092,0.707493836,4.96E-05,0.398187677,0.000393728,0.168688864,0.000138709,0.212378209,3.59E-06,-0.401937453,0.153175148,1.2054814,6.820655641,1.05583883,3.635552295,0.60872039,4VS,49.85255506,-0.647506419,5.06597685,0.764298106,5.791346265,-0.23277728,32901,-0.185528795,0.575917074,1.462524351,0.186598953,0.588810807,0,-0.246196074,32602,0.141034375,6097,0.688256184,532,-0.143171299,20808,0.106873118,27082,0.173768619,299,-0.936784594,9,-1.068097535,52,-0.336195915,1.361664162,0.087172063,1.815341277,-0.67124049,4.102788435,0.358069354,25.73994685,1.234622198,39.77721838,1.161051364,24.54271866,0.094175604,3.723322515,4.032510674,0.904276133,0.354028965,50.99208809,1.40577377,59.05531491,0.916740547,0.524068048,1.103586625,0.769348567,1.186500522,1.919955602,1.016776153,39,-0.733358343,1979
179628635.6,1.852863035,71931151.1,0.389408362,295134564.6,1.595829209,36659220.23,1.462939764,72234295.05,0.481805316,11343586.07,2.59231874,180691094.1,1.732998008,101323631.7,0.710462466,41244747.75,-0.573080303,0.979025049,0.902592493,0.824171842,0.479190138,0.982459918,0.909876463,1.444823664,0.071547869,0.946713402,0.441995734,24,-0.929115417,-0.457011121,1.012805583,4.53E-05,0.268318035,0.000512963,0.459580635,0.000153676,0.340922689,1.61E-06,-0.426891681,0.121118517,0.693505695,5.36026662,0.390149457,3.132896609,0.23623369,4VS,49.93395784,-0.625996309,5.856141107,1.177559546,5.223995266,-0.816092798,51532,0.653113322,0.618582847,1.662889322,0.248899936,1.122317978,0,-0.246196074,51134,0.80746832,8137,1.261372989,7,-0.268950612,36898,0.859397233,45355,0.926920429,398,-0.925253958,340,1.354607353,59,-0.329712775,1.307773091,-0.316133868,1.723127923,-0.736578933,4.151478363,0.81048271,27.95592491,1.88656602,43.6391555,1.659274912,28.88748448,0.677488745,3.686734381,4.088424808,0.99588595,-0.027462129,53.1874742,1.614643565,63.76329936,1.27543594,0.464982522,0.727332565,0.872187045,1.556415709,1.679013716,0.567834951,37,-0.790390437,1980
148736818.6,1.11045379,118051503.6,1.322589913,309702856,1.793436572,37144972.7,1.49722232,117371520.9,1.538083952,1400640.358,-0.17850566,152848713.8,1.092891365,155763863.6,1.85309229,26927431.27,-0.7363843,0.918607538,0.143864551,0.828254299,0.533908469,1.024895822,1.479196184,1.511067898,0.387276643,0.929739106,0.400474815,22,-1.236592462,-0.448833703,1.017129204,5.05E-05,0.425369695,0.000310396,-0.034612122,0.000143506,0.253577372,3.23E-07,-0.443111929,0.157099101,1.268150762,7.283964024,1.267028768,4.779401652,1.45635563,4VS,50.08583816,-0.585863006,10.35101441,3.528409763,6.201892091,0.189320771,51777,0.664141571,0.571336507,1.44101331,0.295124334,1.518155197,0,-0.246196074,51434,0.818256696,7518,1.08747137,12,-0.267752714,36642,0.847424195,44444,0.889372063,343,-0.931659867,189,0.249385486,12,-0.373242432,1.255542214,-0.707015365,1.882181969,-0.623880031,4.15203045,0.81561255,25.544539,1.177132937,42.76862577,1.546968989,26.40232636,0.343840063,3.764321065,4.08991633,0.998329662,0.781505853,46.82422918,1.009242228,66.64144111,1.494717927,0.534707604,1.171338855,0.886676998,1.6085368,1.985675223,1.139229937,41,-0.676326248,1981
138827792.7,0.872314595,124450816,1.452071149,295254624.6,1.597457728,25917711.3,0.704845057,99987094.31,1.131262353,2604261.073,0.156910196,165164283.6,1.37603088,125419108,1.216195246,49643080.64,-0.477288516,1.111855516,2.570688137,0.941879321,2.056856914,1.009353957,1.270686657,1.670482732,1.147068809,1.027597828,0.639847573,18,-1.851546551,-0.210311491,1.143242314,4.73E-05,0.328722519,0.000364835,0.098200031,0.000177142,0.542461057,0,-0.447182745,0.184855683,1.711450485,7.469948911,1.351806291,4.506209766,1.253910204,4VS,50.60667387,-0.448235846,7.298313527,1.931825822,6.34875928,0.340320612,57693,0.93044004,0.535158213,1.271114528,0.291110282,1.483781333,0,-0.246196074,57418,1.033448836,6565,0.819735921,0,-0.27062767,45404,1.257220111,52302,1.213252483,275,-0.939579899,531,2.752603226,0,-0.384356387,1.33830206,-0.087663473,1.657627529,-0.782989714,4.197852139,1.241375021,24.48744215,0.866133576,39.8168443,1.166163453,27.71498851,0.520073516,3.730496957,4.146518971,1.09106753,0.428834248,56.34110316,1.914680917,65.10878671,1.377946923,0.561149025,1.339716675,0.852868358,1.486925418,2.01088816,1.186208594,36,-0.818906484,1982
108006744.5,0.131606105,118087628.7,1.323320854,254243372.2,1.041172491,22572788.76,0.468773189,103298802.4,1.208761278,2409107.572,0.102526304,123787572.5,0.424764955,125599541.5,1.219982311,35195105.55,-0.642082811,0.901207325,-0.074648717,0.809228055,0.278894316,0.938971015,0.326429718,1.61488394,0.882077618,1.004078579,0.582317009,21,-1.390330984,-0.342291554,1.073460904,5.97E-05,0.703230325,0.000344642,0.048936161,0.000186876,0.626061776,0,-0.447182745,0.158358916,1.288271238,7.967792291,1.578738322,5.19492192,1.76427172,4VS,50.6581423,-0.434635676,6.321424984,1.420906272,7.073122815,1.085066794,51838,0.666887381,0.530229273,1.247967475,0.286816741,1.447014097,0,-0.246196074,51343,0.814984222,6452,0.787989745,0,-0.27062767,40698,1.037122008,47512,1.015824739,495,-0.913956265,68,-0.636255878,0,-0.384356387,1.252440449,-0.73022812,2.054954326,-0.50146092,4.191388211,1.181313989,23.52388004,0.582652265,40.21840635,1.217968457,27.57735806,0.50159573,3.766394937,4.135675643,1.073301802,0.803129358,54.62257888,1.751179922,67.27389772,1.542903998,0.545203957,1.238179175,0.85355856,1.48940811,2.075407452,1.306425834,45,-0.56226206,1983
98595365.61,-0.094573362,259337900.2,4.181324754,381026586.7,2.760886628,16901901.57,0.068543614,236312423.2,4.321479068,808266.3669,-0.343583933,119993317.9,0.337533636,258578012.9,4.011027868,45637543.41,-0.522975865,0.873303607,-0.425065843,0.785204574,-0.043099224,0.91988986,0.070437108,1.690962251,1.244676903,1.075831753,0.757832841,25,-0.775376895,-0.14187421,1.179426945,7.09E-05,1.04149544,0.000197584,-0.309834016,0.000153535,0.339711707,4.14E-07,-0.441965043,0.171227459,1.493794438,8.191553277,1.68073533,5.174384115,1.749052437,4VS,50.39375133,-0.504499124,4.843350493,0.647862962,5.039039676,-1.006252798,61596,1.106126808,0.687524868,1.986651559,0.505566697,3.320253727,0,-0.246196074,61070,1.164779333,6993,0.939978074,3,-0.269908931,51241,1.53021472,58501,1.468754484,526,-0.910345663,199,0.322578987,7,-0.377873247,1.345198223,-0.036054489,1.982512026,-0.552790439,4.197218826,1.235490452,25.19010986,1.072859392,44.51878224,1.772754427,27.07686158,0.434400814,3.910830817,4.147811517,1.09318524,2.309109462,53.89616763,1.682068903,75.07033053,2.136904373,0.559157575,1.327035208,0.883004936,1.595328208,2.103103535,1.358031277,43,-0.619294154,1984
106877207.8,0.104460454,179476132.1,2.565432322,315292465,1.869255202,24185156.77,0.58256797,159489282.9,2.523702615,1481164.235,-0.156065879,126295552.8,0.482424352,183763401,2.440766247,116460458.7,0.284833694,0.904954458,-0.027591921,0.798850263,0.139797822,0.886300882,-0.38019233,1.431201854,0.006624523,1.112272966,0.846971893,23,-1.082853939,0.089734724,1.301884819,4.22E-05,0.174691083,0.000371771,0.11512145,0.000227026,0.970891125,2.89E-07,-0.443540436,0.169220663,1.461743946,8.2764885,1.719451367,5.131905213,1.717573978,4VS,51.78733888,-0.13625345,4.266097564,0.345955637,4.801807211,-1.250160676,76659,1.784161599,0.63089596,1.720713577,0.294711825,1.514622725,0,-0.246196074,76107,1.705528698,4512,0.242966901,21,-0.265596497,66724,2.254349641,71579,2.007785807,552,-0.907317415,5,-1.097374935,7,-0.377873247,1.259589433,-0.676727093,2.02466394,-0.522923393,4.175390843,1.032670866,25.71871076,1.228374511,41.25097767,1.351179157,30.35988851,0.875168586,3.858838744,4.15338736,1.102320711,1.767007129,49.96235537,1.307804642,65.0195026,1.371144479,0.55848649,1.322761768,0.726835996,1.033580662,2.113418784,1.377251432,44,-0.590778107,1985
59146681.12,-1.042625983,94754191.02,0.851201012,167826290.6,-0.131006946,9824374.626,-0.430961228,80258986.42,0.669595104,1196085.209,-0.235509532,75044063.86,-0.695866375,89748327.45,0.46751185,98909031.2,0.084641273,0.930443275,0.292498685,0.804813242,0.219721323,0.891338333,-0.312609931,1.529667213,0.475923436,1.274716848,1.244326764,22,-1.236592462,0.011238673,1.260381845,5.39E-05,0.528057319,0.000693318,0.899583868,0.000412103,2.560429887,5.02E-07,-0.440855966,0.107693766,0.479099311,5.200056866,0.317121018,3.025153847,0.156392266,4VS,52.01785944,-0.075340018,4.423765946,0.428417305,5.263282024,-0.775700562,71504.176,1.552126147,0.511038446,1.157844427,0.263241063,1.24512654,0,-0.246196074,70689.366,1.510703789,3186.065,-0.129540761,0,-0.27062767,65694.824,2.206215411,69130.41,1.906863135,814.81,-0.876707655,19.57,-0.990732004,4.928,-0.379792256,1.356547288,0.048878787,1.880673548,-0.624948834,4.180321067,1.078481145,26.31031248,1.402424558,39.01922861,1.063264078,33.23970976,1.261803366,3.828314067,4.149528701,1.095998677,1.448737484,48.55361062,1.173776178,61.07929999,1.070945415,0.446929639,0.612372591,0.608847314,0.609169427,1.648669561,0.51129542,40,-0.704842295,1986
55144326.63,-1.138812781,124263268.3,1.448276381,189764092.4,0.166562003,7492906.778,-0.595507331,110165371.4,1.369449269,857447.339,-0.329878555,70008201.65,-0.811642714,117345837.9,1.046747783,61789798.88,-0.338742467,0.904981965,-0.027246486,0.845914879,0.770618239,0.943677374,0.389570189,1.530598824,0.480363617,1.080160795,0.768422135,28,-0.314161328,-0.089844954,1.206936213,8.28E-05,1.400902125,0.000427755,0.251702864,0.000305991,1.649084138,2.27E-06,-0.418573605,0.150183901,1.157708264,7.908459455,1.551692626,5.266904098,1.817613211,4VS,51.90584359,-0.104939416,2.620199421,-0.514860618,6.572298666,0.570150105,62597.71,1.151217044,0.623045556,1.683846884,0.37645439,2.214615607,0.27,-0.246129377,60800.823,1.15509939,4565.406,0.257970762,1.108,-0.270362215,53154.188,1.619693907,58066.124,1.450830353,1796.887,-0.762324104,22.374,-0.970208547,17.017,-0.368595873,1.393219484,0.323323401,2.188784799,-0.406634364,4.235079101,1.587277665,23.7055629,0.636103615,42.59451825,1.524507602,30.2841939,0.865006091,3.847995446,4.1634016,1.118728059,1.653948026,42.38683231,0.587066752,65.55877576,1.41223102,0.537104864,1.186604503,0.666723158,0.817351754,2.067933004,1.292498875,47,-0.505229965,1987
51615780.44,-1.223612756,81170451.08,0.57635282,162381728.2,-0.204858134,24560690.01,0.609071673,71772273.82,0.470993328,1317224.203,-0.201751439,62679263.55,-0.980137717,97901786.34,0.638642372,107846620.7,0.186583846,0.930499502,0.293204788,0.863364309,1.004497906,0.947428866,0.439900173,1.767937262,1.611549977,1.567355452,1.960151661,31,0.147054239,-0.389938108,1.04826889,5.66E-05,0.609603374,0.000567504,0.592641633,0.000303074,1.624031406,1.05E-07,-0.445859415,0.103564852,0.413156522,5.349723797,0.38534372,3.387148812,0.424644101,4VS,52.36425375,0.016192233,2.235649755,-0.715982787,5.808436262,-0.215206393,55586.626,0.835625271,0.42237844,0.741483528,0.235019561,1.003455013,1.283,-0.24587914,51765.478,0.830177061,2922.628,-0.203550649,1.283,-0.270320289,46064.54,1.288113354,49213.741,1.085964799,3821.148,-0.526556276,105.723,-0.360148034,2.584,-0.381963182,1.352197586,0.016326816,1.951384905,-0.574845787,4.236497803,1.600459852,22.40151545,0.252451045,36.54378098,0.743909758,31.97545002,1.092068253,3.809490262,4.084660931,0.989719207,1.252468553,40.01727847,0.361626579,57.96693982,0.833818623,0.445880273,0.605690274,0.519392541,0.287396101,1.677044933,0.564166566,43,-0.619294154,1988
95631413.33,-0.165804704,52957102.38,0.005494727,170998170.9,-0.087982896,15260365.65,-0.047309727,52348964.59,0.016458824,2555129.387,0.143218551,96774824.52,-0.196268133,70525641.88,0.064052624,344089651.2,2.881183154,0.884713179,-0.281783524,0.826406937,0.509147751,0.925781866,0.149484209,1.680702201,1.195776148,1.610418433,2.065488255,36,0.91574685,-0.915056626,0.770624603,3.85E-05,0.062942786,0.000763492,1.070783928,0.000259321,1.248257595,2.01E-07,-0.444649513,0.059797566,-0.285849781,3.69089048,-0.37080255,2.268732541,-0.404144269,4VS,51.79742892,-0.133587228,2.292052063,-0.686483985,5.257224794,-0.781928235,58634.995,0.972842309,0.197008266,-0.316889152,0.080738188,-0.317715456,2.267,-0.245636067,48737.747,0.721296059,3682.396,0.009898277,2.617,-0.27000069,40432.311,1.024695819,44339.528,0.885066077,9897.248,0.181133543,106.042,-0.357813161,3.067,-0.381515846,1.476408496,0.945887052,1.99068803,-0.546997272,4.189552683,1.16425877,18.46074783,-0.906928261,28.16484752,-0.337045685,36.65510854,1.720342921,3.815484394,3.833418278,0.578082797,1.314967175,37.58094537,0.129833003,46.31413626,-0.053993772,0.341078627,-0.061682051,0.273258357,-0.597960961,1.305867751,-0.127438921,46,-0.533746013,1989
68938705.05,-0.807298644,59046003.31,0.128695216,141782272.9,-0.48427347,9671597.829,-0.441743631,57044398.1,0.126338995,1313876.902,-0.202684239,72649779.56,-0.750911858,66739227.85,-0.015419293,94042450.09,0.029132816,0.896945088,-0.128174231,0.748244081,-0.53849121,0.871712248,-0.575913317,1.348385078,-0.388091176,1.162962869,0.970964743,30,-0.006684284,-0.919235357,0.768415196,6.50E-05,0.86330221,0.000591281,0.650649212,0.000279318,1.420002364,0,-0.447182745,0.087240828,0.152445916,5.100318899,0.271657443,2.884778125,0.052368595,4VS,51.6414206,-0.174811325,2.389175658,-0.635687665,6.432188941,0.426097875,52153.861,0.681105315,0.263252907,-0.005794223,0.226435503,0.929946437,25.4,-0.23992163,45466.255,0.603649107,4481.28,0.234336436,25.4,-0.264542347,34912.775,0.766548899,39602.226,0.689810368,6687.606,-0.192696869,46.572,-0.793094912,0,-0.384356387,1.416910157,0.500617872,2.184925214,-0.409369101,4.18992024,1.167674008,19.18970001,-0.692469517,28.86808562,-0.246321841,34.28476419,1.402108737,3.810697656,3.882473906,0.658455625,1.265057609,44.59602868,0.797250461,58.01929113,0.837807203,0.42087793,0.446476441,0.581017016,0.509062443,1.629303067,0.475210299,48,-0.476713918,1990
80192147.56,-0.536849685,31439646.61,-0.429881233,128262231.9,-0.667662144,11295170.19,-0.32715809,32152456.6,-0.456169689,1963675.086,-0.021603429,81192494.16,-0.554511683,42577951.96,-0.522533122,222145648.3,1.490284023,0.887070759,-0.252176845,0.849845195,0.823297381,0.922931428,0.111242757,0.764834901,-3.169368437,0.85405593,0.215345783,30,-0.006684284,-0.70020209,0.884223976,3.38E-05,-0.079007753,0.00091675,1.444679941,0.000247303,1.145040681,4.52E-07,-0.441486124,0.033404664,-0.707370202,2.57001919,-0.881729499,1.913562632,-0.667338481,4VS,52.78945306,0.12854815,2.418590053,-0.62030373,6.564798695,0.562439095,42277.815,0.236552252,0.118073713,-0.687577841,0.055786977,-0.53138223,0,-0.246196074,39824.374,0.400759996,2708.506,-0.263706,0,-0.27062767,28822.311,0.481699861,31719.575,0.364913916,2453.441,-0.685854563,65.746,-0.652753693,5.106,-0.379627399,1.423602667,0.550702773,2.048728073,-0.505872577,4.214465173,1.395738742,23.23885211,0.498796653,26.11315059,-0.601732471,27.69352778,0.517192273,3.718942101,4.068772776,0.963688026,0.30835599,31.54201112,-0.444713294,40.30455233,-0.511856387,0.243829593,-0.680959672,0.219615945,-0.79091542,0.943913366,-0.801859792,48,-0.476713918,1991
70820559.04,-0.762072887,17393311.99,-0.714089388,111476153.8,-0.895352032,15288787.61,-0.045303814,17623239.22,-0.796175119,1030382.761,-0.281686228,71730648.81,-0.772043015,37777792.31,-0.623282244,189452345.8,1.117382651,0.891648832,-0.194685038,0.786621565,-0.024106891,0.909382416,-0.07053067,1.525804466,0.457513073,1.420455482,1.600818837,32,0.300792761,-0.958476751,0.747667215,4.74E-05,0.331742744,0.001411793,2.652412026,0.000251263,1.179051247,0,-0.447182745,0.069792472,-0.126221371,3.931283843,-0.261224003,2.204284892,-0.451902392,4VS,51.44994782,-0.225406656,2.192827205,-0.738379281,5.737243002,-0.288402939,32437.826,-0.206377768,0.194861142,-0.326972373,0.050609256,-0.575721037,35.17,-0.237508193,30008.268,0.047760522,3357.473,-0.081385464,35.17,-0.262201653,24555.751,0.282154224,28009.84,0.212011074,2429.558,-0.688636241,165.173,0.074987331,0,-0.384356387,1.396102941,0.344902399,1.928296102,-0.591205526,4.270291827,1.914464584,19.10275867,-0.71804778,26.56268793,-0.543738236,38.86781881,2.017413702,3.782645547,4.07166631,0.968428797,0.972568526,39.67222993,0.328798541,47.69780681,0.05142634,0.363970543,0.084092674,0.353817182,-0.308186808,1.36896605,-0.009869383,43,-0.619294154,1992
45837757.51,-1.362473402,26792630.25,-0.523907182,90421706.96,-1.180938969,12621580.04,-0.233545145,25859867.62,-0.603425688,1019448.809,-0.284733219,46449188.66,-1.353273154,42061524.36,-0.533372267,114331608.8,0.260551931,0.885668281,-0.269789276,0.791388796,0.03978966,0.977474894,0.842997425,1.51454081,0.403829,1.350652839,1.430074209,36,0.91574685,-3.126999805,-0.398889257,6.80E-05,0.953908937,0.000134961,-0.462612273,7.60E-05,-0.326199714,5.21E-06,-0.381520358,0.035058126,-0.680962799,2.647731912,-0.846305696,1.70181391,-0.82425222,4VS,49.02821117,-0.865333474,2.49157432,-0.582132447,7.164211042,1.178718125,10696.742,-1.185014916,0.165358365,-0.46552191,0.076728382,-0.352052961,0.171,-0.246153832,8341.546,-0.731401955,3116.878,-0.14897813,0.467,-0.270515786,3615.959,-0.697193099,6875.473,-0.659076692,2355.196,-0.697297262,272.976,0.864035231,65.811,-0.323404679,1.431878135,0.612634096,2.035276632,-0.515403693,4.19598499,1.224025989,14.27878833,-2.137266552,24.91148406,-0.756757926,27.0350705,0.42879009,3.728944818,3.611688933,0.214801043,0.412650662,21.96950032,-1.355445289,40.74739943,-0.478116425,0.251524886,-0.63195638,0.282546901,-0.5645496,0.973703391,-0.746352757,48,-0.476713918,1993
39898080.72,-1.505219002,15761881.72,-0.747099124,67744033,-1.488543699,4765510.785,-0.787996532,15934547.53,-0.835693032,1158759.24,-0.245911248,44123673.96,-1.406737599,23543250.61,-0.922046803,37877931.55,-0.61148237,0.890599541,-0.207862118,0.673114398,-1.545475692,0.856193751,-0.784109339,0.706183001,-3.448911144,0.681914902,-0.205729331,37,1.069485372,-3.444726638,-0.566879981,6.11E-05,0.745513464,4.74E-05,-0.676230542,7.78E-05,-0.310740365,0.000413694,4.766662921,0.15585384,1.248262728,8.013422785,1.599538078,5.308221224,1.84823075,4VS,49.75462008,-0.673385046,2.544936587,-0.554223608,5.505946247,-0.526208084,19186.255,-0.802874228,0.166523884,-0.460048455,0.077836232,-0.342566017,0.085,-0.246175076,11133.298,-0.631007054,2436.304,-0.340178324,59.614,-0.256345369,746.616,-0.831391347,5267.94,-0.725333814,8052.957,-0.033672988,201.587,0.341514146,1971.465,1.441541402,1.328246561,-0.162916058,2.075241647,-0.487086191,3.978983015,-0.792296396,17.07930134,-1.313351736,30.15858229,-0.079836523,26.44845544,0.350033193,3.764966117,3.219963231,-0.427003044,0.788231575,31.16855003,-0.480244512,44.30816833,-0.206825937,0.543565659,1.227746564,0.374974477,-0.232082952,2.081117984,1.31706613,46,-0.533746013,1994
92078155.75,-0.251198557,64489432.75,0.238835483,183799352,0.085655012,11240266.45,-0.331032987,70250071.08,0.435371506,548280.8924,-0.416034706,95850850.62,-0.217510635,58215672.91,-0.194317651,62732422.85,-0.327990853,0.896283629,-0.136480886,0.777482638,-0.146598525,0.97069854,0.752085918,1.24331588,-0.888864859,0.52584129,-0.58750185,35,0.762008328,-3.960646928,-0.839660917,1.92E-05,-0.519960492,1.86E-05,-0.746492487,2.48E-05,-0.765932282,0.000134257,1.244877757,0.051386035,-0.420190146,3.774845889,-0.332533142,2.660658465,-0.113712472,4VS,50.12593859,-0.575266751,2.545098538,-0.554138906,5.587222049,-0.442645286,22721.53,-0.643739962,0.164574509,-0.469203017,0.081571801,-0.310576909,0,-0.246196074,9247.485,-0.698823253,1763.623,-0.529161062,15.618,-0.266885915,1198.528,-0.810255568,4557.981,-0.754595944,13474.045,0.597726888,418.982,1.932704264,1509.089,1.013305894,1.313891384,-0.270346249,2.301595011,-0.326701867,4.018687709,-0.423371351,15.94800444,-1.646180855,26.53063501,-0.547873342,17.75961489,-0.816500304,3.694004223,2.922454536,-0.91444182,0.048337855,24.54816479,-1.110110258,40.28421079,-0.513406183,0.331482184,-0.122791783,0.421111528,-0.066125655,1.328359558,-0.085530479,55,-0.277101588,1995
58113844.8,-1.067447677,14141877.08,-0.779877677,86138394.85,-1.239038713,8286457.71,-0.539501535,17696393.21,-0.794463207,799804.4851,-0.345942026,55998049.57,-1.133741303,26385408.3,-0.862393601,31133468.21,-0.688410041,0.912677095,0.069389573,0.714894825,-0.985480761,0.84459855,-0.939670455,1.395267884,-0.164641527,0.51852453,-0.605399417,39,1.376962417,-4.736894059,-1.250083656,2.19E-05,-0.438414438,5.72E-05,-0.652321964,4.05E-05,-0.631092413,0.000165586,1.639721702,0.095186915,0.279352685,5.664158811,0.528672685,3.339557909,0.389377458,4VS,46.23451806,-1.603547161,1.713072926,-0.989294128,5.915802441,-0.10481907,27204.676,-0.441938929,0.209670887,-0.257423554,0.064705496,-0.455009537,3.7,-0.24528208,5200.761,-0.844348519,1271.44,-0.667434762,9.229,-0.268416589,809.163,-0.828466044,3489.387,-0.798639807,22003.915,1.591209904,102.334,-0.384953311,1372.12,0.886450284,1.394955583,0.336315888,2.203503555,-0.396205282,3.973248804,-0.8455771,15.61762538,-1.743378833,27.5693629,-0.413868391,24.8141971,0.130623355,3.68011494,2.507128705,-1.594912401,-0.09648062,27.42048213,-0.836836991,45.80885501,-0.092490513,0.443289416,0.589191809,0.528767802,0.321119387,1.734158395,0.670584701,50,-0.419681824,1996
130994378.1,0.684057639,21116997.21,-0.638745768,178865924.1,0.01873696,8877853.192,-0.497763099,24558503.49,-0.633879556,991918.4633,-0.292405166,128202372.4,0.526262841,44814111.76,-0.475599029,39012643.92,-0.598539786,0.829861529,-0.970614937,0.745374362,-0.576954869,0.917530262,0.038780761,1.333607799,-0.458521641,0.455775293,-0.75889067,41,1.684439461,-4.8306965,-1.29967953,9.25E-06,-0.820472804,1.64E-05,-0.751859719,1.40E-05,-0.858688371,0.000102616,0.846101631,0.077298987,-0.006334995,4.864949359,0.164368906,3.232529535,0.310065422,4VS,48.85539171,-0.910999797,1.328586889,-1.190383018,5.553360303,-0.477459858,25783.265,-0.505921277,0.148301825,-0.545622021,0.02708096,-0.777202844,0,-0.246196074,4639.53,-0.864531089,1211.161,-0.684369521,3.426,-0.26980687,346.375,-0.850110489,2505.403,-0.839196329,21143.735,1.491023826,96.558,-0.427229878,911.01,0.459387298,1.508073251,1.182857357,2.19079857,-0.405207492,3.940381415,-1.150971796,17.25335335,-1.262145393,27.29049027,-0.449845391,19.04173778,-0.644366947,3.586038537,2.489696468,-1.62347341,-1.077380872,26.51287681,-0.923186875,41.97564276,-0.384538116,0.40237194,0.328631101,0.569531697,0.467749172,1.582056306,0.387176549,51,-0.391165777,1997
75527093.74,-0.64896284,27968660.06,-0.500111845,114971997.6,-0.847933672,5984774.76,-0.701945533,25457400.14,-0.61284403,1476211.094,-0.157446183,77825249.25,-0.631925892,33424089.46,-0.714660817,22299915.23,-0.789165969,0.899603264,-0.094792644,0.70959687,-1.056490757,0.821692297,-1.246980547,1.448619717,0.089640359,0.318990236,-1.093481349,36,0.91574685,-5.28862699,-1.541799699,1.25E-05,-0.722315516,1.45E-05,-0.756495056,1.55E-05,-0.845805581,6.59E-05,0.383364542,0.027500774,-0.801661092,2.457541048,-0.933000429,1.673460727,-0.845262991,4VS,45.68131113,-1.749728188,1.492348184,-1.104734714,6.291586964,0.281539541,15031.427,-0.989896596,0.084923913,-0.843254353,0.030638746,-0.746736161,0,-0.246196074,2461.619,-0.942851498,945.178,-0.759094681,0,-0.27062767,405.868,-0.847328021,1782.127,-0.869007342,12569.808,0.492409444,146.445,-0.062089458,394.335,-0.019137931,1.548214416,1.483262779,2.214290625,-0.388562025,3.952205741,-1.041103426,20.28686355,-0.36968248,24.10050791,-0.861380918,12.55526332,-1.515218436,3.585339669,2.525157483,-1.565374019,-1.084667713,25.55030039,-1.01476673,31.81975905,-1.158302077,0.225411099,-0.79824784,0.172252331,-0.961284726,0.899161276,-0.885245281,54,-0.305617636,1998
120143992.4,0.423295164,10149307.28,-0.860661806,150890852.1,-0.360722789,12666408.26,-0.23038134,16536886.96,-0.821597388,1011620.366,-0.286914789,115854543.3,0.242381674,30875726.97,-0.768147639,93259819.44,0.020206093,0.864929456,-0.530229101,0.732633932,-0.747718471,0.818532128,-1.289377346,1.45945565,0.141285848,0.299788087,-1.140451831,40,1.530700939,-4.585135191,-1.16984466,8.80E-06,-0.834063813,7.24E-05,-0.615239271,1.52E-05,-0.848382139,3.68E-05,0.016613008,0.013393607,-1.026966326,1.897371637,-1.188342546,1.334580378,-1.096386029,4VS,51.31184627,-0.261899016,2.312784637,-0.675640703,6.154886804,0.140992816,35846.627,-0.05293651,0.038030305,-1.063473882,0.00714703,-0.947904719,0,-0.246196074,5822.006,-0.82200777,1057.443,-0.727554996,3.713,-0.26973811,735.243,-0.831923258,2288.799,-0.84812402,30024.621,2.525390049,222.841,0.497079613,465.981,0.047217938,1.427631437,0.580852978,2.709818231,-0.037452333,3.934170827,-1.208678863,19.44721089,-0.616709459,22.27952566,-1.096303499,13.66720885,-1.365932499,3.559923257,2.453232005,-1.683216851,-1.349675347,26.05112124,-0.96711846,30.57493074,-1.253143975,0.15178775,-1.267078126,0.123030121,-1.138339496,0.64046958,-1.367259275,68,0.093607024,1999
88484054.85,-0.337573979,10444605.3,-0.854686858,111014046.5,-0.901620152,6857351.863,-0.640362372,19107686.72,-0.761436826,1664467.276,-0.104984384,80230538.95,-0.57662739,26753482.15,-0.854668209,16202216.86,-0.858716608,0.796168959,-1.39372893,0.716731286,-0.960866153,0.765817995,-1.996589698,1.33374345,-0.45787511,0.253960768,-1.252550288,36,0.91574685,-4.648298674,-1.203240893,7.50E-06,-0.873326728,3.81E-05,-0.698919296,1.30E-05,-0.867276898,5.34E-05,0.225825223,0.015131503,-0.99921043,1.938153167,-1.169753095,1.356770585,-1.079942254,4VS,51.30002778,-0.265021968,4.539076913,0.488725749,5.861158032,-0.161001101,30696.779,-0.284747976,0.041134017,-1.048898378,0.009875426,-0.92454042,9.526,-0.24384291,3726.327,-0.897371014,663.237,-0.838303076,9.539,-0.268342319,397.568,-0.847716209,1445.665,-0.882875177,26970.452,2.169667742,253.68,0.722801051,366.368,-0.045039929,1.341297445,-0.065246837,2.531229302,-0.163992818,3.965108145,-0.921217854,20.17293722,-0.403199765,22.85932812,-1.021503928,11.63418365,-1.638879387,3.5614372,2.493155942,-1.617805401,-1.333890017,26.52488089,-0.922044803,30.10877219,-1.288660006,0.159718568,-1.216575022,0.126042188,-1.127504939,0.661735544,-1.327634918,63,-0.048973211,2000
61077933.75,-0.996213051,21793999.09,-0.625047571,94010260.56,-1.132263074,3698509.513,-0.863301409,27150844.37,-0.5732149,2721006.375,0.189443887,58035217.02,-1.086906068,31546831.35,-0.754062029,48465709.47,-0.490717668,0.935558175,0.356732008,0.728224231,-0.806822946,0.96746943,0.708764206,1.419620687,-0.04857285,0.278342891,-1.192909043,36,0.91574685,-4.278679328,-1.007813202,8.33E-06,-0.848258867,1.46E-05,-0.756251091,1.17E-05,-0.878441982,6.65E-05,0.390926429,0.012637342,-1.039044617,1.808789871,-1.228720788,1.312329594,-1.112874694,4VS,55.46824802,0.836400812,6.119231566,1.315157699,8.263226242,2.308658183,24532.609,-0.562217385,0.042909795,-1.040559054,0.020762575,-0.831309594,39.826,-0.236358043,5711.256,-0.825990479,508.715,-0.881714426,40.312,-0.260969735,317.351,-0.851467932,1097.923,-0.897207937,18821.353,1.220533528,306.276,1.10776959,245.952,-0.156564764,1.358548452,0.063854947,2.603028631,-0.113118881,3.980583842,-0.777421954,19.9463938,-0.469849153,22.26557255,-1.098103571,12.09004697,-1.577676764,3.575100767,2.751028655,-1.195306289,-1.191425,26.44263611,-0.9298696,30.09349928,-1.28982363,0.141974858,-1.329566195,0.092767213,-1.247196701,0.592658042,-1.45634536,65,0.008058883,2001
65670215.39,-0.885848797,6181899.275,-0.94093682,76310341.04,-1.372348498,2581099.736,-0.942163927,9993850.22,-0.97471424,727579.4393,-0.366069152,63054204.92,-0.971517676,12487703.3,-1.154088395,24480284.76,-0.76429657,1.057923468,1.893405158,0.728542025,-0.802563463,0.812652534,-1.368257929,1.390542422,-0.187163704,0.27511072,-1.200815274,32,0.300792761,-4.752243,-1.258199054,7.16E-06,-0.88359549,2.49E-05,-0.731122687,1.20E-05,-0.875865424,0.000103393,0.855894275,0.008812249,-1.100135088,1.616857432,-1.316209384,1.196933589,-1.198387458,4VS,53.32487931,0.270030758,8.876086763,2.757012274,5.79990294,-0.223979832,22518.66,-0.652871803,0.023735668,-1.130603676,0.003436525,-0.979679194,0,-0.246196074,3530.718,-0.904405359,469.905,-0.892617693,1.16,-0.270349757,154.012,-0.859107245,916.687,-0.904677877,18987.942,1.239936326,18.647,-0.997487764,266.151,-0.137857199,1.368570847,0.138859791,2.859101074,0.068323113,3.923095404,-1.311588633,20.45698817,-0.319631581,22.37006221,-1.084623495,11.49258332,-1.657890155,3.56855424,2.582563759,-1.471319475,-1.259683243,26.20946508,-0.952053573,28.75410469,-1.391870413,0.112718858,-1.515867131,0.079174627,-1.296089917,0.480484408,-1.665355786,71,0.179155166,2002
71415445.38,-0.747776249,12549607.69,-0.812095046,98803692.39,-1.067243959,10344651.23,-0.394242091,13496116.12,-0.892755976,1424345.786,-0.171899612,71457550.28,-0.778321651,24432756.02,-0.903377239,60594556.35,-0.35237546,0.925589651,0.231546486,0.839767171,0.688218763,0.811338935,-1.385881161,1.436269227,0.030776292,0.276498801,-1.197419882,34,0.608269805,-4.675696787,-1.217727012,7.15E-06,-0.883897513,7.29E-06,-0.774084939,6.72E-06,-0.921212846,3.87E-06,-0.398408572,0.008838076,-1.099722605,1.680531815,-1.287184679,1.217516503,-1.183134747,4VS,54.26380768,0.518135953,3.360939625,-0.127448304,6.600050984,0.598683337,12671.5502,-1.096122353,0.046825852,-1.022168653,0.011650905,-0.909336313,0,-0.246196074,2343.6766,-0.947092855,510.5573,-0.881196851,0.2176,-0.270575537,91.4299,-0.862034189,663.5488,-0.915111386,10327.8736,0.231288964,115.5303,-0.288364971,40.0029,-0.347307185,1.503145327,1.145978131,3.162084174,0.283003994,3.966315896,-0.909995765,20.20068296,-0.39503693,22.85084955,-1.022597737,14.16313691,-1.299350923,3.572572323,2.865520152,-1.007723216,-1.217788161,26.74260821,-0.90133015,31.31106747,-1.197058646,0.119151938,-1.474901558,0.121385062,-1.144256856,0.5191103,-1.593385093,78,0.378767496,2003
133656557.7,0.748036613,8262002.476,-0.898848808,155510208.6,-0.298064868,7481087.566,-0.596341486,14304705.4,-0.873833777,426162.8475,-0.450065633,129080679.2,0.54645544,23127114.93,-0.930780951,33735032.91,-0.65873647,0.719859835,-2.352025021,0.756807472,-0.423713648,0.875349956,-0.527109858,1.494381748,0.307748247,0.272915269,-1.206185579,34,0.608269805,-4.76502705,-1.264958325,2.55E-06,-1.022827828,8.30E-06,-0.771620891,4.30E-06,-0.94199708,3.27E-05,-0.035059888,0.016720723,-0.973829034,2.170450586,-1.063864923,1.505385481,-0.969813047,4VS,54.42617439,0.56104021,3.376290692,-0.119419588,6.236476261,0.224878094,13901.6475,-1.040751659,0.052035845,-0.997701732,0.008402413,-0.937154394,0,-0.246196074,2309.8529,-0.948309198,341.3566,-0.92873203,0.075,-0.270609701,68.5732,-0.86310319,669.2436,-0.914876665,11591.7946,0.378499185,69.3876,-0.626099548,244.8754,-0.157561871,1.312097877,-0.283768361,2.886740045,0.087906907,3.988585358,-0.703074078,20.52468541,-0.299714959,23.9186092,-0.884847436,13.59676098,-1.375390584,3.559899371,2.786487988,-1.137209655,-1.349924397,27.06603684,-0.870559038,32.01121378,-1.143715383,0.181795211,-1.075991919,0.196653327,-0.873513114,0.774934789,-1.116713496,71,0.179155166,2004
104785010,0.054179598,8252462.888,-0.899041829,123511832.6,-0.732097558,4313106.485,-0.819925501,25207357.35,-0.618695405,383340.4881,-0.461999042,89784672.05,-0.356974329,30326101.88,-0.779683557,59704319.9,-0.36252954,0.866324557,-0.512709311,0.706334226,-1.100220901,0.806573108,-1.449819455,1.198956091,-1.100289476,0.275712871,-1.199342349,44,2.145655028,-4.500047549,-1.124856535,2.82E-06,-1.014673222,8.86E-06,-0.770254687,3.23E-06,-0.951186804,8.95E-09,-0.447069947,0.01003358,-1.080629239,1.792652837,-1.236076535,1.266758245,-1.146644771,4VS,57.4377947,1.356839622,2.549388289,-0.551895336,6.47867196,0.473888865,14806.3778,-1.000026795,0.029233292,-1.104785996,0.004394023,-0.971479772,0.0454,-0.246184859,2628.0638,-0.936865935,295.7344,-0.941549113,0.2503,-0.270567703,73.1075,-0.862891122,398.3783,-0.926040825,12178.314,0.446811722,245.3618,0.661917233,0.0386,-0.384320637,1.622832862,2.041686675,3.149805493,0.274303845,4.033025561,-0.290147993,19.90524567,-0.48195499,21.90233883,-1.144963887,11.91317899,-1.601422444,3.57430112,2.874184568,-0.993527422,-1.199762627,26.19564405,-0.95336851,28.98602768,-1.374200493,0.13320242,-1.385428699,0.080445594,-1.291518185,0.583696554,-1.473043085,80,0.43579959,2005
181804901.5,1.905164262,16871081.67,-0.724655997,211287381.1,0.458508409,6902791.8,-0.637155394,16301542.15,-0.827104809,952641.9596,-0.303350443,182833781.4,1.782259183,26383388.06,-0.862436003,149875834.2,0.665971066,0.837010163,-0.880841819,0.771762997,-0.223260498,0.796570609,-1.584012895,1.306912121,-0.58575677,0.339525374,-1.043250235,36,0.91574685,-3.606774383,-0.652558983,2.24E-06,-1.032190523,3.58E-06,-0.783136044,2.39E-06,-0.958401166,5.48E-09,-0.44711368,0.018451258,-0.9461907,2.513003124,-0.907719142,1.583015549,-0.912286257,4VS,54.58361286,0.602642215,2.657401749,-0.49540354,5.47906107,-0.553849774,14089.5332,-1.032294311,0.052431708,-0.995842699,0.005301434,-0.963709265,2276.5494,0.316169295,5216.1661,-0.843794533,408.0304,-0.910000719,2276.8256,0.274853396,60.322,-0.863489096,504.6873,-0.921659124,8873.3671,0.061881047,85.3673,-0.509138529,0.0378,-0.384321378,1.370771732,0.155330608,3.354074712,0.419040287,3.914452202,-1.391898877,20.3953452,-0.337767028,23.84080899,-0.894884342,18.10866749,-0.769637717,3.606822624,3.283680397,-0.322608726,-0.860672797,27.96013513,-0.785494217,33.61160156,-1.021783858,0.208533999,-0.905720479,0.17625333,-0.946892931,0.921478502,-0.843662132,83,0.521347731,2006
118970565,0.395094708,54996443.77,0.04675798,191826393.8,0.194535492,9481835.643,-0.455136322,65350562.9,0.320715682,611117.7111,-0.39852382,111493787.8,0.142126288,77211081.57,0.204371328,74034075.89,-0.199083658,0.999043503,1.153985842,0.728534748,-0.802660999,0.918135107,0.046895357,1.363591512,-0.315615302,0.361054025,-0.990588884,36,0.91574685,-3.927660073,-0.822219879,2.11E-06,-1.036116815,1.06E-06,-0.789283964,1.71E-06,-0.964241364,4.22E-11,-0.447182214,0.016689671,-0.974324965,2.919312109,-0.722511249,1.687236313,-0.835054765,4VS,57.70696385,1.42796567,2.706951177,-0.469488843,5.695137281,-0.33169346,12654.3492,-1.096896626,0.158793279,-0.496352554,0.090621505,-0.233080829,7,-0.244466896,2440.0068,-0.9436287,251.0051,-0.954115345,7.0018,-0.268950181,58.1159,-0.863592274,327.4231,-0.92896536,10214.3424,0.218065864,231.6755,0.561742412,4.00E-04,-0.384356017,1.479075505,0.965846213,4.816328167,1.455130617,4.031961893,-0.300031302,18.3728646,-0.932783629,24.5214253,-0.807078906,19.62651979,-0.565856149,3.613273913,3.190978303,-0.474492002,-0.793407566,28.41864524,-0.741871407,41.40289419,-0.428175107,0.225376603,-0.79846751,0.334716581,-0.376892633,1.071348009,-0.564413896,116,1.462377287,2007
100985271.5,-0.037137821,9267644.161,-0.878501039,119950902,-0.780398768,4593093.476,-0.800165087,34413487.94,-0.403258172,932388.3093,-0.308994576,77104211.38,-0.64850282,39974685.26,-0.577172312,242575336.9,1.723306028,0.881427115,-0.323050178,0.718080121,-0.942787334,0.868780391,-0.615247086,1.347587179,-0.391894068,0.336258178,-1.051242142,26,-0.621638373,-3.910011951,-0.812888842,1.89E-06,-1.042761308,4.74E-06,-0.780306049,2.09E-06,-0.960977724,0,-0.447182745,0.008974503,-1.097543733,2.032067843,-1.126943952,1.385712028,-1.05849556,4VS,59.02559748,1.776405301,3.61086528,0.003264564,7.041956489,1.053023488,14024.4875,-1.03522223,0.04332983,-1.038586505,0.010887712,-0.915871827,0,-0.246196074,1581.2749,-0.974509775,191.0565,-0.970957282,0,-0.27062767,43.9333,-0.86425559,250.5535,-0.932133668,12443.2126,0.477664743,262.4874,0.787265496,0,-0.384356387,1.336861765,-0.098442245,4.697728569,1.371096009,4.139197865,0.696375716,17.99055177,-1.045260594,20.77826964,-1.289978609,21.61009512,-0.299548227,3.631833627,3.1539956,-0.535084529,-0.599892215,27.691339,-0.811067574,34.27942711,-0.970903072,0.149161768,-1.283800265,0.133051591,-1.102291763,0.709053916,-1.239467737,116,1.462377287,2008
116451893.1,0.33456459,68901901.39,0.328115684,193374375.4,0.215532639,3259752.287,-0.89426722,42426390.21,-0.215744267,465446.0967,-0.439118476,144848426.1,0.908961786,46170347.42,-0.447133403,244169517.1,1.741489324,0.822863324,-1.058498956,0.762026418,-0.353762632,0.883924281,-0.412076789,1.413505873,-0.077716861,0.397042586,-0.902557067,34,0.608269805,-3.553355731,-0.624315105,1.65E-06,-1.050009846,8.65E-07,-0.789759696,1.39E-06,-0.966989693,0,-0.447182745,0.019317999,-0.932348,3.646565888,-0.391007036,2.01075917,-0.595312204,4VS,58.81410359,1.720519533,3.277573769,-0.171049231,7.302322497,1.320715857,15790.1396,-0.955744466,0.146541256,-0.553889921,0.037871951,-0.684795457,9.2865,-0.243902073,2832.3175,-0.929520716,192.0726,-0.970671819,9.2865,-0.268402813,59.6022,-0.863522761,268.4526,-0.931395927,12957.8221,0.537601858,267.0994,0.821022338,0,-0.384356387,1.622643275,2.040267858,5.72546244,2.099304325,4.050866014,-0.124379433,18.97525452,-0.755559678,25.24212696,-0.71410211,26.05710333,0.29749162,3.656899469,3.257390458,-0.365682209,-0.338539846,28.83726882,-0.702043414,40.34643807,-0.508665165,0.262577483,-0.561573923,0.239599442,-0.719033774,1.293785872,-0.149950794,138,2.089730324,2009
83847612.96,-0.448999517,48740168.92,-0.07982909,140757321.4,-0.498176127,4126133.776,-0.833121321,59150368.23,0.175621848,505306.1713,-0.428010574,74876658.06,-0.699715096,63106009.56,-0.091675831,447135828.1,4.056532777,0.987546267,1.009602632,0.715050982,-0.983387745,0.877496512,-0.498311682,1.407695697,-0.105408928,0.535991375,-0.562673672,29,-0.160422806,-3.507688759,-0.600169748,3.17E-06,-1.004102438,1.30E-06,-0.788698448,2.39E-06,-0.958401166,0,-0.447182745,0.026528476,-0.81718964,3.652847649,-0.38814362,2.316146834,-0.369008501,4VS,58.69979757,1.690314974,3.015056171,-0.308347773,7.512251898,1.536552398,16913.6599,-0.905171151,0.060388369,-0.958477007,0.040464622,-0.662593422,0,-0.246196074,3264.8964,-0.913964636,265.6613,-0.949997838,0,-0.27062767,63.2366,-0.863352781,336.7963,-0.928579028,13648.7635,0.618076537,125.0788,-0.218476157,0,-0.384356387,1.461410853,0.833648823,4.159944275,0.990045032,3.998907116,-0.607167155,20.22991659,-0.386436355,23.27815891,-0.967471106,28.59447495,0.638150305,3.76619609,3.247371748,-0.382096881,0.801056053,30.11621083,-0.580364428,38.58748656,-0.64267746,0.280709255,-0.446111587,0.121694319,-1.143144443,1.295507041,-0.146743781,101,1.03463658,2010
74400273.01,-0.67604322,58180370.72,0.111180338,144407409.4,-0.448665567,5778945.068,-0.716472208,62439354.29,0.252589044,512091.1452,-0.426119789,72782210.03,-0.747867233,63453799.04,-0.084376181,91970842.83,0.005503964,0.842045433,-0.817608495,0.700267177,-1.181539283,0.916178354,0.020643575,1.298521264,-0.625748703,0.302486958,-1.133850108,29,-0.160422806,-3.816395002,-0.763391043,2.89E-06,-1.012559066,1.52E-06,-0.788161724,2.15E-06,-0.960462413,0,-0.447182745,0.014658847,-1.006759208,3.022920873,-0.675283249,1.677154197,-0.842525991,4VS,58.95252673,1.757096871,2.881369589,-0.378266792,7.074984065,1.086980417,15690.1791,-0.960244014,0.137098039,-0.598236707,0.084599837,-0.284646678,0,-0.246196074,2290.5812,-0.949002232,214.6559,-0.964327275,0,-0.27062767,88.4699,-0.862172628,310.5841,-0.929659407,13399.5979,0.589055955,113.6583,-0.302066795,0,-0.384356387,1.393757618,0.327350647,5.784389233,2.141057333,4.022027834,-0.392335833,19.36683342,-0.640356622,25.40858071,-0.692628126,19.4555739,-0.588806749,3.636108277,3.145912023,-0.548328676,-0.555322002,27.86342125,-0.794695609,39.67746123,-0.559633666,0.22418267,-0.806070423,0.255346991,-0.662389047,1.10622354,-0.499431161,139,2.118246371,2011
68267275.88,-0.823434801,17446492.3,-0.713013358,90710458.5,-1.177022282,2400901.999,-0.954881596,23806059.75,-0.651487866,208411.8196,-0.510746831,63181637.83,-0.968587946,24213911.98,-0.907970491,39991052.02,-0.587380016,0.913233149,0.076372544,0.771323917,-0.229145612,0.881782628,-0.440809187,1.401310788,-0.135840248,0.290600903,-1.162924653,34,0.608269805,-3.473554365,-0.582121976,8.70E-06,-0.837084037,1.19E-05,-0.762838148,9.07E-06,-0.901029808,0,-0.447182745,0.009772629,-1.084796881,2.231351233,-1.036104571,1.431744223,-1.024383979,4VS,56.52126457,1.114653004,2.32522299,-0.669135358,7.749096976,1.780061988,17849.921,-0.863026983,0.066344581,-0.930505727,0.02168715,-0.823392105,0,-0.246196074,4501.1899,-0.869505973,593.6464,-0.857853832,0,-0.27062767,207.2829,-0.856615782,822.9333,-0.908542091,13348.7311,0.583131445,76.0025,-0.577682779,0,-0.384356387,1.158864357,-1.430525817,5.240120124,1.755411494,3.939662382,-1.157652852,18.38939523,-0.927920295,22.08176281,-1.12181663,14.94166839,-1.194827996,3.570938909,3.238797422,-0.396145072,-1.234819171,27.16327349,-0.86130791,33.35992668,-1.040958649,0.165684628,-1.178583411,0.183005819,-0.922603888,0.802607336,-1.065151907,127,1.776053805,2012
136273300.9,0.810923634,28705574.01,-0.485201411,170305060.2,-0.097384395,2608547.99,-0.940226734,26430187,-0.590079361,225746.8334,-0.505916041,138625438.9,0.765893003,25166978.63,-0.887966859,99003350.14,0.085717079,1.122348373,2.702458275,0.776568755,-0.158847559,0.937628241,0.308415073,1.563595482,0.63763005,0.603924771,-0.396501419,35,0.762008328,-3.990638771,-0.855518411,4.49E-06,-0.964235478,2.91E-06,-0.78477061,4.18E-06,-0.943027703,0,-0.447182745,0.031082225,-0.744461821,5.538004786,0.471167875,3.020168942,0.152698264,4VS,53.12501099,0.217216965,2.784846279,-0.428749159,6.723754103,0.725867301,14179.5051,-1.028244382,0.049953702,-1.007479793,0.016886509,-0.864501832,0,-0.246196074,2056.69,-0.957413253,611.8562,-0.852737978,0,-0.27062767,83.465,-0.862406705,711.0462,-0.913153702,12122.8151,0.440347706,142.5531,-0.090575637,0,-0.384356387,1.470242297,0.899740917,6.240922102,2.464537021,3.881526161,-1.697838552,20.70611311,-0.246338678,27.35733253,-0.441222157,21.85876075,-0.266163245,3.751786158,3.114205743,-0.600276301,0.650808962,30.98488377,-0.497718583,36.69095176,-0.787172053,0.34298315,-0.049554132,0.16368812,-0.992090625,1.711634289,0.628616078,147,2.346374748,2013
60024534.23,-1.021528931,76193609.68,0.475653317,140266329.9,-0.504836039,2246392.137,-0.965786312,73829851.68,0.519143729,791122.0835,-0.348361572,63565159.34,-0.959770644,75454671.04,0.16750655,157434914.1,0.752190293,0.82472796,-1.035082708,0.768077258,-0.272661505,0.883547025,-0.417138052,1.438842717,0.043041885,0.474130513,-0.713991866,33,0.454531283,-4.116021244,-0.921811497,5.78E-06,-0.925274585,8.58E-07,-0.789776773,2.98E-06,-0.953333936,0,-0.447182745,0.021290998,-0.900837279,3.895575734,-0.277500836,2.075728721,-0.547167332,4VS,60.19569202,2.085594525,3.000914212,-0.315744116,6.749427762,0.752263383,17726.046,-0.868603001,0.116516229,-0.694892023,0.141952394,0.206485228,0,-0.246196074,1618.6663,-0.973165134,346.7078,-0.927228666,0,-0.27062767,65.4045,-0.863251389,418.1634,-0.925225349,16087.9436,0.902170433,228.1687,0.536074915,0,-0.384356387,1.41541777,0.489449259,5.89640459,2.22042663,4.116828914,0.488529605,20.29365181,-0.367685365,26.42181271,-0.561912367,27.04048188,0.429516603,3.748714169,2.962802028,-0.848336417,0.618778456,30.92570459,-0.503348911,46.11445242,-0.069207432,0.276391617,-0.473606118,0.292829091,-0.527564045,1.359841482,-0.02687097,137,2.061214276,2014
75730263.12,-0.644080161,25336242.48,-0.553375175,108006952.3,-0.942409009,1663732.401,-1.006908213,32462056.28,-0.448924593,251739.9867,-0.498672467,71413421.43,-0.77933619,21773936.73,-0.959182406,27369657.67,-0.731340244,0.878961349,-0.354015465,0.762830848,-0.342980629,0.943644227,0.389125489,1.027340338,-1.918232834,0.379772962,-0.944800389,33,0.454531283,-4.316600935,-1.027863376,5.92E-06,-0.921046271,3.57E-06,-0.78316044,5.11E-06,-0.935040374,0,-0.447182745,0.015942769,-0.986253719,3.231987712,-0.579984276,1.832637923,-0.727306723,4VS,60.16746508,2.078135755,3.035245597,-0.297788562,7.389265721,1.41010555,31022.7983,-0.270072783,0.048519429,-1.014215358,0.014740443,-0.882879417,0,-0.246196074,2507.0003,-0.94121953,448.5307,-0.89862258,0,-0.27062767,90.3423,-0.862085056,551.2186,-0.91974126,28515.798,2.349655832,284.7876,0.950488467,0,-0.384356387,1.362769981,0.095447708,5.938798999,2.250465497,4.063517044,-0.006829559,20.08780315,-0.428246326,25.18987557,-0.720842995,16.58876281,-0.97369483,3.704580735,2.632622278,-1.389303508,0.158615278,27.9757077,-0.784012638,34.27832313,-0.970987183,0.237048748,-0.724139798,0.172761519,-0.959453151,1.173097339,-0.374826825,141,2.175278465,2015
