"Biomass","Biomass_s","BiomassClupeids","BiomassClupeids_s","BiomassFinfish","BiomassFinfish_s","BiomassFlatfish","BiomassFlatfish_s","BiomassForage","BiomassForage_s","BiomassGadoids","BiomassGadoids_s","BiomassGroundfish","BiomassGroundfish_s","BiomassSkates","BiomassSkates_s","BiomassTL3","BiomassTL3_s","BiomassTL4","BiomassTL4_s","BPelagicToDemersal","BPelagicToDemersal_s","BTGLargeBenthivore","BTGLargeBenthivore_s","BTGMediumBenthivore","BTGMediumBenthivore_s","BTGPiscivore","BTGPiscivore_s","BTGPlanktivore","BTGPlanktivore_s","BTGZoopiscivore","BTGZoopiscivore_s","CCLargeBenthivore","CCLargeBenthivore_s","CCMediumBenthivore","CCMediumBenthivore_s","CCPiscivore","CCPiscivore_s","CCPlanktivore","CCPlanktivore_s","CCZoopiscivore","CCZoopiscivore_s","CommunityCondition","CommunityCondition_s","DiversityTargetSpp.L","DiversityTargetSpp.L_s","FishinginBalance.L","FishinginBalance.L_s","FishingPressure.L","FishingPressure.L_s","FPClupeids.L","FPClupeids.L_s","FPFinfish.L","FPFinfish.L_s","FPFlatfish.L","FPFlatfish.L_s","FPForageFish.L","FPForageFish.L_s","FPGadoids.L","FPGadoids.L_s","FPGroundfish.L","FPGroundfish.L_s","FPSkates.L","FPSkates.L_s","Heips","Heips_s","HillN1Diversity","HillN1Diversity_s","HillN2Dominance","HillN2Dominance_s","ID","Intrinsicvulnerabilityindex.L","Intrinsicvulnerabilityindex.L_s","InverseCVBiomass","InverseCVBiomass_s","KemptonQ","KemptonQ_s","Landings.L","Landings.L_s","LargeFishIndicator","LargeFishIndicator_s","LargeSpeciesIndicator","LargeSpeciesIndicator_s","LClupeids.L","LClupeids.L_s","LFinfish.L","LFinfish.L_s","LFlatfish.L","LFlatfish.L_s","LForageFish.L","LForageFish.L_s","LGadoids.L","LGadoids.L_s","LGroundfish.L","LGroundfish.L_s","LInvertebrates.L","LInvertebrates.L_s","LLargePelagic.L","LLargePelagic.L_s","LSkates.L","LSkates.L_s","MargalefGroundfish","MargalefGroundfish_s","MargalefRichness","MargalefRichness_s","MarineTrophicIndex.L","MarineTrophicIndex.L_s","MeanLengthAbundance","MeanLengthAbundance_s","MeanLengthBiomass","MeanLengthBiomass_s","MeanLifespan","MeanLifespan_s","MeanTrophicLevel","MeanTrophicLevel.L","MeanTrophicLevel.L_s","MeanTrophicLevel_s","MMLengthAbundance","MMLengthAbundance_s","MMLengthBiomass","MMLengthBiomass_s","PielouEvenness","PielouEvenness_s","PropPredatoryFish","PropPredatoryFish_s","ShannonDiversity","ShannonDiversity_s","SpeciesRichness","SpeciesRichness_s","YEAR"
1794487708,0.221324135904766,1213286259,0.852325139737396,1793038482,0.286283084812476,30331452.51,-0.208201619800636,1421544477,0.848428896480941,216343770.8,-0.350788166733577,321948417.3,-0.817038913292381,12723871.67,-0.164324960404347,1568012956,0.461686371638135,225995914.6,-0.639874899894903,4.425366828,1.14032675853918,2108392.448,-0.779581982156533,83163848.57,-0.659080863304106,218575753.4,-0.329827713932893,1424739846,0.830427431262577,64374122.69,-0.886659627330718,0.873676752,0.627725559968868,0.868634824,-1.19888481623907,0.845814101,-0.0286851168435635,1.259631642,1.85100189905775,1.154449906,0.0215988331201188,1.242042148,1.44152618142925,34,-1.46941101127043,-0.22247335,0.91816632575436,0.000118015,-0.0886629372945284,0.000102053,-0.562040200691284,0.000111509,0.411867512483665,0.000119299,0.019061132988813,8.91e-05,-0.508549146002243,0.000257511,0.444541519101893,0.000195899,0.58192579234274,4.72e-07,-0.566677339665854,0.022449219,-0.989463032326187,1.875519556,-1.08442024643798,1.295047782,-1.01621151528473,"4X",52.09396987,-1.59649216880648,6.242958583,0.282393191466077,6.005560972,-1.24576081106183,211774,0.430525287585392,0.199581811,-0.564362347924112,0.078168231,-0.762582379373928,123820,0.973524697237702,199938,0.778856891414712,3617,0.204419946706254,126713,1.02229362663692,55711,0.409606604766654,63067,0.369903206641514,11836,-1.30654721240694,330,-0.774327925761245,6,-0.349790587179458,1.187807021,-1.59178143162484,1.681163966,-0.881198332530247,3.918254602,-0.885972372116724,28.67082565,2.36868611571375,35.15359388,0.262203280223018,22.87769567,-0.705752234146026,3.873348164,3.834627902,1.06134702009386,-0.2195184915192,34.90050961,-1.04539032340158,42.4984003,-0.854251785993921,0.170481504,-1.29676548973675,0.180774333,-0.933752098093927,0.628885718,-1.26085912688603,40,-0.878175057366676,1970
1934907167,0.511570929260554,1167073690,0.747943943503912,1908650233,0.536177126525183,15620038.61,-1.44334235829553,1350979806,0.709066742986075,135329110.9,-1.06852458075194,326466749.2,-0.787814766911291,9319418.793,-0.601675205997848,1678739627,0.702863799850425,235319654.7,-0.573527516414081,4.138185003,0.96292491522255,6840422.589,-0.0914618356161775,80179823.08,-0.722808992959017,224761939.5,-0.276224278799812,1350979371,0.683654559588729,245731124.5,-0.121892326995296,0.804557606,0.0642615455785928,0.934612756,-0.124945293849936,0.659428885,-1.33958207417238,1.091437148,0.56395943924705,1.518886803,1.44245062062238,1.147713758,0.8138184939285,34,-1.46941101127043,-0.401458697,0.635479628549833,9.28e-05,-0.770652514652566,6.55e-05,-1.23995267579594,8.72e-05,-0.297993998288439,0.000243597,1.76922159963835,5.93e-05,-1.12099896518901,0.000443437,1.86940691826443,0.000212925,0.752178646355602,1.63e-05,0.803081114387579,0.023650927,-0.924013459005595,1.993338954,-1.02549753601117,1.384736676,-0.929851456651233,"4X",51.66755529,-2.66087614787144,5.256942526,-0.187156867742728,5.448053312,-1.70215292812056,179372,-0.303861716632169,0.190191738,-0.653431627199919,0.11089486,-0.397132167488727,76464,-0.603424947314484,166354,0.184712274416699,3805,0.331601467534815,80103,-0.493740494664403,60010,0.570913298297438,69513,0.590237482576962,13018,-1.24484381768312,149,-1.12221663625783,152,0.0880721929189123,1.344376971,-0.706169613189786,1.777394018,-0.821451764041957,3.938090631,-0.0851814101428905,20.80473477,-0.735134676532196,33.48658557,-0.130243099612251,25.99476413,0.261426526382809,3.877631205,3.829013543,1.03151525393371,-0.15009518467153,34.79363477,-1.1024391610267,43.4919747,-0.687681470822959,0.18340186,-1.16435214409667,0.172075528,-1.00810710310113,0.689811099,-1.14152025645029,43,-0.7987074128312,1971
1862985222,0.362908385929139,1260441944,0.958836569766516,1860779621,0.432705112577908,20220484.53,-1.05709816656393,1289001190,0.58666167435915,131087951.6,-1.1060984528267,205039377.3,-1.57319560426779,19057043.24,0.649260729160561,1730438894,0.815471685041162,132242057.2,-1.30702381899916,6.286603122,2.29007482982963,7403433.368,-0.0095901973963483,52240735.6,-1.31948814175722,137762244.4,-1.03007850133777,1288999741,0.560323896650582,374261632.2,0.420110068299322,0.850070773,0.435288001626458,0.851656756,-1.47524113245417,0.991151095,0.993508742254771,1.078350921,0.463822214851813,1.532995506,1.49745705943774,1.112115422,0.576929587317936,32,-1.75104812176393,0.033383259,1.32226230885269,0.000132013,0.28994067578728,0.000118067,-0.265044321383811,0.00012703,0.865105428839493,0.000167998,0.704760537366727,0.000118044,0.0863081548884164,0.000468998,2.0652965973195,0.000345387,2.07674305069318,1.15e-06,-0.50800307685007,0.015140736,-1.38751072275581,1.575347972,-1.23453918799283,1.228735834,-1.08006227162678,"4X",52.3258124,-1.01778429583018,4.799284343,-0.405097970627875,6.23441341,-1.05841549517348,245938,1.20484778656968,0.127578574,-1.24734707286876,0.061742101,-0.946008930545876,148816,1.8058887760287,236375,1.42347478712566,3397,0.0555905074387894,152159,1.84994872748724,61480,0.62607050683204,70818,0.634844406265414,9563,-1.42520357129631,29,-1.35286108520584,22,-0.301805624976897,1.324259994,-0.819957939636758,1.603419541,-0.929467688270024,3.940512751,0.0126008528703345,20.19561042,-0.975484406968223,28.60099918,-1.28040574764846,25.92617168,0.240143336223862,3.881864333,3.880792018,1.30663897835701,-0.0814809117590315,34.08491806,-1.48074582806823,40.05939927,-1.26314433623415,0.124053101,-1.77258366177132,0.111360725,-1.52708062659959,0.454476182,-1.6024874709002,39,-0.904664272211835,1972
2867760168,2.43977656500919,1497744195,1.49483561427491,2263996665,1.30425610926345,22742601.71,-0.845346278033629,1543710969,1.08970240018697,244610297.9,-0.100365393589196,338827401.6,-0.707867228063301,21251430.89,0.931160938189316,2027553434,1.46262670193567,238772138,-0.548959775249113,4.561131208,1.22419296862661,3303362.808,-0.605812341065275,78299957.63,-0.762956206691896,171188811.9,-0.740436577583202,1545435347,1.07059434016445,465664591.4,0.805548698473006,0.921510602,1.01767038285112,0.942313436,0.000400626377928516,0.826710694,-0.163044475640101,1.07256791,0.419569989196006,1.340367684,0.746447522630691,1.106067689,0.536684985496025,36,-1.18777390077693,0.194042359,1.57600481412521,8.9e-05,-0.87343103513484,8.42e-05,-0.893142201020764,0.000108272,0.317341957735657,0.000131691,0.193544942082452,8.2e-05,-0.654468398224592,0.000382527,1.4026160903921,0.000311182,1.73470740688313,3.87e-05,2.74158183278516,0.020161578,-1.11405663356767,1.907270992,-1.06854102195694,1.34877635,-0.964477102295161,"4X",52.19435636,-1.34591496839611,4.49026351,-0.552256578646268,8.08568787,0.457092058671014,255178,1.41427115299676,0.117184865,-1.34593631382913,0.038010518,-1.21101367746684,126037,1.04735055588227,245128,1.57832673545176,2995,-0.216361467949942,126659,1.02053722580984,93570,1.83014861695133,105437,1.81817551061063,10050,-1.39978093742956,460,-0.524463106067566,822,2.09744248515116,1.298573033,-0.965251951937843,1.892779724,-0.74981198163699,3.993714251,2.16037349241685,24.13174637,0.577645449919058,28.90000207,-1.21001461580054,24.869256,-0.0878014652726989,3.890263169,3.934547787,1.59226900852917,0.0546548312308719,34.47238924,-1.27391716350852,40.03131565,-1.26785248635812,0.168642961,-1.31560766635581,0.11989736,-1.45411180638008,0.64567342,-1.22797586278479,46,-0.719239768295723,1973
2055582087,0.761005792618532,1535118128,1.57925281762256,2052125997,0.846299049631239,35108279.96,0.192851210631638,1612326767,1.22521561434266,224994376.2,-0.274149512611623,343279001.7,-0.679074696697362,15375812.29,0.176354415507127,1875780781,1.13204566131632,179566192.1,-0.97026705696668,4.699884509,1.30990553544266,3248770.32,-0.613751045960047,145118578.8,0.664050957809291,154198824.2,-0.8876551851173,1613371255,1.20577715056433,135562358.5,-0.58646479408633,0.797667039,0.00808917123755037,0.917070182,-0.410490217310649,0.781211448,-0.483052813330121,0.962090618,-0.425814198284621,1.390330718,0.941241372409124,0.990036619,-0.235443051757003,34,-1.46941101127043,0.134129951,1.4813800807436,0.000124356,0.082841957015498,9.27e-05,-0.735501076122955,0.000121116,0.692407211113291,9.36e-05,-0.342790013710462,9.24e-05,-0.440727521729883,0.000302523,0.789496185727884,0.000236737,0.990288652214539,3.6e-05,2.50792326404974,0.02082461,-1.07794539731235,2.06205509,-0.991131879320433,1.351996548,-0.96137642309522,"4X",52.10631466,-1.56567803318072,3.818944406,-0.871945008457712,8.449942818,0.755281839358225,255624,1.42437968345417,0.141503918,-1.11525860521279,0.059236764,-0.973985412251152,142333,1.59000558180554,248546,1.63879559862765,3286,-0.0195007096461588,148983,1.74664633810185,68066,0.873189809831282,81267,0.9920074297295,7078,-1.55492686731044,1112,0.728705066549962,553,1.2906953081206,1.399717477,-0.393145267510579,2.169914821,-0.577746491602553,3.946375161,0.249269439278693,24.78010847,0.833477704794334,30.82995172,-0.755666698718566,22.15242497,-0.930792660968696,3.864125165,3.907769761,1.44998458926375,-0.369012995455236,35.01344199,-0.985108024880827,40.27157773,-1.22757313698154,0.183158305,-1.16684820011845,0.168648853,-1.03739738340779,0.723703102,-1.07513358330294,52,-0.560304479224771,1974
1670543123,-0.0348691196899873,1238599538,0.90950071771948,1664374360,0.00817642876851682,16502095.27,-1.36928665421214,1251017509,0.5116455578407,178715941.9,-0.684145895017795,270355917.5,-1.15073435658674,35211773.44,2.72456488983752,1519479781,0.355974656260392,151063342.1,-1.17309226433666,4.908681436,1.43888639879865,15193396.33,1.12320699434398,70895197.67,-0.921095439877325,167940008.1,-0.76858753213554,1327091073,0.63612023857384,83028369.21,-0.807996230778553,0.851614397,0.447871730247022,0.90950877,-0.533569237002681,0.898549873,0.342219639127995,1.014319644,-0.0261520423013399,1.238138051,0.347878777315776,1.016982407,-0.05613247226587,35,-1.32859245602368,0.173747763,1.54395184213337,0.00015906,1.0214803188094,0.000119667,-0.235370697873636,0.000155134,1.68578698294452,0.000164828,0.660125799243193,0.000123778,0.20415336506348,0.000439182,1.83679823376932,0.000338542,2.00829592361002,5.97e-05,4.55892625628289,0.017006182,-1.28591146174348,1.680247266,-1.18207795640226,1.197317439,-1.11031456166361,"4X",51.99588992,-1.84131195767836,3.734226187,-0.912288615912286,6.010992382,-1.24131449958242,265671,1.65209359714387,0.197611106,-0.583055416020092,0.054415605,-1.02782210829712,148219,1.78600874102157,258157,1.80882668229749,2720,-0.402398267034273,154848,1.93741098348765,78362,1.2595154010369,91429,1.3393603481372,7514,-1.53216656265766,543,-0.364934028878525,2103,5.93923852149371,1.350802955,-0.669822106050168,1.733669227,-0.848599273222537,3.946828375,0.267565927705879,26.80361645,1.63191828187544,33.49260824,-0.128825245229484,21.21860171,-1.22054376356713,3.882430634,3.908233034,1.45244617959033,-0.0723018055839687,34.46033382,-1.28035223932321,41.04350049,-1.09816217649299,0.139741725,-1.61179991925453,0.166813461,-1.05308581203105,0.518940965,-1.47621572241322,41,-0.851685842521517,1975
1538796469,-0.307189239217399,1021571440,0.419295282797267,1411714974,-0.537945177366407,11406273.6,-1.7971215981207,1107872921,0.228941227726054,193735372.5,-0.551083653285893,244394513.7,-1.31865027814836,15192418.87,0.152794930275564,1378123938,0.048082814397647,160670050.4,-1.10473128979936,4.546161022,1.21494538274197,3823185.995,-0.530220935906152,66502365.53,-1.01491064926757,155191932.9,-0.879049876948419,1111056812,0.206242734844266,75116454.21,-0.841360114249523,0.886071583,0.728769071602374,0.95634347,0.228771045945844,0.950604847,0.708336161108101,1.076404631,0.448928993263329,1.336433429,0.731108808863627,1.085895263,0.402447701516726,36,-1.18777390077693,-0.312177268,0.776489340846061,0.000129278,0.215967188019117,0.000103533,-0.534592098944371,0.000131449,0.994147265858783,0.000221019,1.45131525347017,9.63e-05,-0.360574693044367,0.000323906,0.953367278691173,0.000283599,1.45888898375164,2.49e-05,1.54732692591522,0.037473822,-0.171166195106749,2.498952882,-0.772634734358541,1.564767955,-0.756502102936333,"4X",52.46264201,-0.676240522290087,8.949913751,1.57147053497021,7.425342962,-0.0834856448731414,198932,0.139463072038144,0.182600367,-0.725439368107287,0.081636857,-0.723849086475032,105766,0.37232846270047,185569,0.524650602656838,2521,-0.537021259826207,106708,0.371612172085686,62752,0.673798377074226,69310,0.583298627780981,13363,-1.2268339435886,422,-0.597500514901103,379,0.768858844167749,1.116417506,-1.99558432098098,1.748620295,-0.839316570057885,3.937586116,-0.105548947021388,27.53311897,1.91976711608212,33.50930148,-0.124895329843688,19.71277749,-1.6877780323563,3.869945818,3.822837976,0.998701522098897,-0.274666716894559,34.52813448,-1.24416085093642,41.73690536,-0.981914547994324,0.246628255,-0.516380950833016,0.241701098,-0.412966781415669,0.915871797,-0.69871911337273,41,-0.851685842521517,1976
1774914685,0.180866729199979,831793935.6,-0.00935872532500954,1765994460,0.227827608588892,29783163.99,-0.254234821782744,989689910.1,-0.00446507421123227,490728040,2.08007535453212,665503213.6,1.40504124354527,28571846.88,1.87157217216543,1474291755,0.257549120675835,300622930.1,-0.108831867559873,1.492004958,-0.671709232431787,13921431.42,0.93824099578032,330896670.8,4.63160766055651,309759102.4,0.460277959308744,992934094.2,-0.0288047008104739,118440800.8,-0.658664970142859,0.998335263,1.64395028352049,1.035089027,1.51053243663094,0.848896052,-0.0070089331030222,1.086635371,0.527215722288382,1.540220825,1.52562683999765,1.095944204,0.469318317213034,38,-0.90613679028343,-0.22053372,0.921229747468422,0.000119914,-0.0373007240324656,0.00013751,0.0955458423089063,0.000113479,0.46939464960247,0.000119161,0.0171180434427413,0.000116937,0.063557082746143,0.000136397,-0.483629624009726,0.000113217,-0.244859505172321,5.35e-06,-0.144534192150524,0.033896458,-0.366003000231162,2.152479563,-0.945909656761836,1.409909593,-0.905612841465542,"4X",52.24658553,-1.21554444544669,11.87414481,2.9640166878912,6.974169566,-0.452829415613475,212838,0.454640705537601,0.371720085,1.06845051742438,0.155118898,0.0967067811399015,114380,0.659173724930653,200404,0.787101037184158,3549,0.158418120023583,115731,0.665093739914517,66934,0.830715007068582,75346,0.78961846792159,12434,-1.27533009730978,500,-0.447581623084896,153,0.0910712530565724,1.128748186,-1.92583788536329,1.471256293,-1.01152418085372,3.92931773,-0.439348054640697,29.59737898,2.73428772579567,40.17368254,1.44403039485155,23.3901932,-0.546732073953751,3.822022524,3.833293743,1.05425799723151,-1.05144974197251,35.89336011,-0.515415570124605,50.90179597,0.554556920488655,0.215624589,-0.834119807422384,0.380254911,0.771353301559115,0.766620463,-0.991068300497024,35,-1.01062113159247,1977
1896911989,0.433034958135053,759921702.6,-0.171697885835902,1892468979,0.501201452105721,18383491.99,-1.21132836754177,1633568259,1.26716663638546,166850573.9,-0.789265223912592,222020805.1,-1.4633613241019,22383801.98,1.07663006119004,1783975430,0.932081386671898,112723583.3,-1.44591654433411,7.368672615,2.95850544048855,8296451.596,0.120270309744189,83503718.16,-0.651822462405767,123627646.6,-1.15255509419431,1635998626,1.25080240589382,41009779.93,-0.985185105577191,0.53318691,-2.14797096313966,0.949267966,0.113601273931431,1.018188354,1.18366899915847,1.454143564,3.33942816438715,1.355620987,0.805916481485489,1.445330627,2.79430810687752,38,-0.90613679028343,-0.134201252,1.05758191623247,0.00011699,-0.116386090845668,0.000158477,0.484400132395066,0.000111681,0.416890186384393,0.000194631,1.07976273939956,7.45e-05,-0.808608453389046,0.000420814,1.69603294192301,0.000356588,2.1887483495184,1.97e-06,-0.437040104123016,0.033192613,-0.404337067187388,2.360897131,-0.841677856094139,1.844835737,-0.486829136795457,"4X",52.30831635,-1.06145661894098,9.933706932,2.03996203985832,7.756405242,0.187531644552966,221919,0.660460358191748,0.121695324,-1.3031524789928,0.046026435,-1.12150190507793,120430,0.860638066292692,211353,0.98080308016627,3578,0.17803654610884,121773,0.861615476900198,70213,0.953749351820254,79170,0.920328717871505,10566,-1.3728444300882,3667,5.63950979206804,44,-0.235826301948375,1.363773691,-0.596455300380236,1.744304649,-0.841996034881516,3.933200654,-0.28259236300346,21.78864143,-0.346902453497257,29.56793183,-1.05277087878747,27.2074624,0.637708287507191,3.735174627,3.85264214,1.15706525534911,-2.4591570701315,35.83316459,-0.5475474025207,42.14379726,-0.913700117325104,0.229833499,-0.688500808147226,0.118332777,-1.46748543376903,0.859041687,-0.810036285671399,42,-0.825196627676358,1978
1597864657,-0.185095390697894,986354847.2,0.339750904216377,1590267117,-0.152005891049957,26238637.09,-0.551826175179512,1212057093,0.434700432215218,244731874.1,-0.0992883087020208,328780410.3,-0.772850224208567,14542132.74,0.0692564561251563,1415042812,0.128497036223331,182797036.2,-0.947276492003436,3.6951928,0.689273776655211,4132211.081,-0.485283270437684,132148676,0.387060144553873,164582342.9,-0.797681773051895,1215263146,0.413598542785907,73764758.77,-0.847060100807569,0.932651159,1.10848896689097,0.97960647,0.607428793347483,0.93374002,0.589721332772269,1.051105585,0.255337956955659,1.055464175,-0.364322718694017,1.048482112,0.153482119719703,38,-0.90613679028343,-0.392601822,0.649468040357105,0.000119946,-0.0364352207020884,8.55e-05,-0.869032381918746,0.000110633,0.386286917500886,0.000156525,0.543216578221204,7.08e-05,-0.884650880603509,0.000306433,0.819460922831493,0.000256801,1.19092023114759,1.86e-06,-0.446559527293718,0.030375272,-0.557780138506388,2.397262522,-0.823491144569346,1.500193169,-0.818680172667082,"4X",52.16091902,-1.42937873972998,9.250173281,1.71445692863855,7.322603475,-0.167591201337529,191621,-0.0262397669173087,0.267042943,0.0755383649212656,0.083425391,-0.703876967462594,84296,-0.342620199951262,175903,0.353646497490604,4107,0.535903697801972,85800,-0.308440207407299,74994,1.1331416062447,84431,1.1001578562048,15718,-1.10389697694343,242,-0.94346718832312,27,-0.286810324288597,1.317348041,-0.859054249402889,1.98174195,-0.694577804598618,3.944963108,0.192264114259852,23.99541387,0.523851048784594,33.05499622,-0.231847678885739,22.09660904,-0.948111492007512,3.815251521,3.804171583,0.899518076396623,-1.16120013169221,35.13470426,-0.920379305274947,43.39061701,-0.704673839354496,0.227089338,-0.716624146156258,0.213378677,-0.65505908665426,0.874327471,-0.780094935016821,47,-0.692750553450565,1979
1504442767,-0.378198285373889,997867151.1,0.365753960927754,1498506930,-0.350344933572925,28301206.51,-0.378656992806375,1117062582,0.247090408168599,210800337,-0.399899331328619,357187205.3,-0.589117742029115,9682558.697,-0.555024736175763,1315055942,-0.0892876758411771,189372412.8,-0.900486359703307,3.147682353,0.35105821397845,4263541.864,-0.466185472040288,158306668.1,0.945701455644331,195282065.1,-0.531668022261032,1124311863,0.232618404190936,16257989.28,-1.08956133547153,0.969053726,1.40524518746017,1.026239268,1.36648266626652,0.764274977,-0.602171533034734,1.288480196,2.07175415449212,1.202479883,0.208856158698058,1.266861732,1.60668794956047,39,-0.765318235036681,-0.457439006,0.547065191698202,0.000146792,0.689667979526104,8.48e-05,-0.882014592204448,0.000128296,0.902074644876247,0.000176954,0.830864232834983,7.72e-05,-0.753118033529842,0.000426541,1.73992246862183,0.000281401,1.43690990627483,3.72e-06,-0.285594735498205,0.020017576,-1.12189952839512,1.920808505,-1.06177077043691,1.285203145,-1.02569076506281,"4X",52.1056955,-1.56722353376955,9.138259671,1.66116262188897,6.698438744,-0.678550751156964,220840,0.636004967242092,0.280636271,0.204477503937507,0.118744189,-0.30948064229783,84655,-0.330665539034077,192252,0.642881560118657,5008,1.14542790134736,86227,-0.294551630496858,89915,1.69300603382619,100513,1.64986555486969,28588,-0.432050369417565,821,0.169392277851034,36,-0.259818783049656,1.375381863,-0.53079561080617,1.996439977,-0.685452207567888,3.954971281,0.596299341485557,20.14367605,-0.995976793834493,34.18348992,0.0338218229249077,22.19441162,-0.917764844407439,3.852378458,3.714378516,0.422404700221855,-0.559413984964935,35.98384139,-0.467117468805036,44.93683199,-0.445454684210539,0.169537966,-1.30643527153831,0.244900525,-0.385618954834297,0.652746194,-1.21412191807154,47,-0.692750553450565,1980
1485356713,-0.417649127947748,928402295.3,0.208852388444508,1481534686,-0.387030327690814,31686516.77,-0.0944331484503442,1085456627,0.184670022873217,234870247.3,-0.186655813108706,320403672,-0.827030180814959,14410613.31,0.0523609204579087,1336784480,-0.0419600278018622,148504775.4,-1.19129892863506,3.387778362,0.49937356983207,4830265.145,-0.383773970940437,149997672.5,0.768250977867451,157322903.3,-0.860584972763445,1085456627,0.155302001777786,83816824.33,-0.80467138151693,0.949863656,1.24880642187371,1.038326953,1.56323697884016,0.917186371,0.47329510234212,1.00462846,-0.100310030456637,1.531925422,1.49328505935571,1.018654574,-0.0450050473126291,36,-1.18777390077693,-0.417723222,0.609791688554106,0.000145863,0.664541335966096,9.65e-05,-0.665026220286288,0.00012988,0.948329967310861,0.000156313,0.540231542106949,8.27e-05,-0.64008199307591,0.000368706,1.29669725880413,0.00030205,1.64339123967736,6.94e-08,-0.601518428470625,0.025455173,-0.82574738200071,2.069117246,-0.987600021408743,1.371545914,-0.942552638803625,"4X",52.24612258,-1.2167000263912,7.27282708,0.772826192339239,6.424525959,-0.902783788305914,216658,0.541220495553992,0.195813298,-0.600108474376112,0.076923749,-0.776479203595797,89566,-0.167129773673916,192421,0.645871389807576,4953,1.1082205415305,89785,-0.178824331556928,86598,1.56854585647294,96778,1.52219746293377,24237,-0.659183593142897,392,-0.655161627138106,1,-0.364785887867759,1.177675417,-1.64908916048407,1.819050073,-0.795588675627441,3.941678467,0.0596614231603015,25.90801576,1.27853003788253,33.57607694,-0.109175079751572,22.99752739,-0.668570280682727,3.827726141,3.73992987,0.558171226303169,-0.959000486144103,35.69655345,-0.620469212215499,43.41472984,-0.700631382450651,0.193321824,-1.06268810156803,0.218502256,-0.611264135255789,0.727122065,-1.06843661767409,43,-0.7987074128312,1981
1492352690,-0.403188454867952,770181556.6,-0.148523761201089,1483905448,-0.381905941173055,34841383.96,0.170443158979897,793468715.7,-0.39199339150359,439226725.5,1.62380770084958,600098830.3,0.982011834943373,13332514.1,-0.0861362100070463,1053585690,-0.658804688877533,438463469.1,0.872036217795288,1.322230066,-0.776584876249715,4339906.892,-0.455080658103745,135786197.3,0.464744611327279,206185460.5,-0.437189867448614,793473667.5,-0.425702627675101,343945449,0.292269260660542,0.947748547,1.23156390837372,0.945928393,0.0592421977390512,0.814918725,-0.245980540070317,1.188434183,1.30619124215461,0.983387364,-0.645332865004237,1.133818135,0.721350156668506,36,-1.18777390077693,-0.363896356,0.694805010736344,0.000150983,0.803021868826422,0.000125261,-0.131624291676184,0.000133548,1.05544140840313,0.00014322,0.355877401333627,0.000121728,0.162021749985196,0.000184196,-0.117316460629834,0.000153705,0.160003501598074,1.36e-06,-0.489829632615093,0.033596867,-0.382319861832058,2.847827666,-0.598158814248611,1.750505522,-0.577658252140672,"4X",52.61317608,-0.300488707210399,6.003345019,0.168286973454018,7.436613683,-0.0742591021957399,225311,0.737339585347664,0.23684698,-0.210884611923425,0.11537023,-0.347156812105664,96474,0.0629058742812851,198165,0.747490216630962,4990,1.13325094722548,96587,0.0424171207728633,80904,1.35489609770014,92230,1.36673977026321,27146,-0.507326422879282,475,-0.495632549949065,18,-0.313801865527537,1.2946453,-0.987468518810716,2.368438718,-0.454488513848652,3.9635967,0.944512059789072,22.93121799,0.103938114932695,34.25321381,0.0502361911403439,21.34129603,-1.18247358902193,3.938706397,3.746298916,0.59201300431118,0.839865405244852,35.90469674,-0.509364178009438,45.69967974,-0.317565126926294,0.259991315,-0.379430584868709,0.409307782,1.01968929353485,1.046556481,-0.442737742130881,56,-0.454347619844136,1982
2006764004,0.660098894461869,1014597942,0.403544112089319,2005250167,0.744977250454114,23217089.36,-0.805509248743895,1340960210,0.689278477046189,243127942.5,-0.113498084023373,399481510.9,-0.315562145561992,14729413.56,0.0933153330082251,1710775918,0.772643105983819,295380923.7,-0.146133787722761,3.356751624,0.4802073133557,8792819.336,0.192450881678273,79500860.7,-0.737309205081349,242953002.2,-0.118598330650394,1341194098,0.664183255772931,332117680.4,0.242392550244416,0.774833814,-0.17804884354603,0.949664791,0.120060495038454,0.7288614,-0.851244669486875,1.166542116,1.13867077764986,1.240473551,0.356984329956105,1.165022398,0.92899873169343,37,-1.04695534553018,-0.460881376,0.541628365599494,0.000104142,-0.463885677992052,8.99e-05,-0.787429917265763,9.17e-05,-0.166586832281015,0.000231381,1.59721593373391,6.82e-05,-0.938086099727187,0.000305806,0.814655835833037,0.000212353,0.746458886429879,2.17e-06,-0.419732061994466,0.037265746,-0.182498802876902,3.086881749,-0.478605372726564,1.898855361,-0.434814470453382,"4X",52.45532597,-0.694502270671686,4.174056926,-0.702837108431103,7.071706247,-0.372983028691235,208969,0.366950337062885,0.185727178,-0.695780088333672,0.086610486,-0.668309795462554,91221,-0.11201845384678,183935,0.495743018563974,5372,1.39167297358989,91411,-0.125937151097028,74350,1.10897749583906,84831,1.11383047649244,25034,-0.617578173857884,203,-1.01842663423122,32,-0.271815023600296,1.467849561,-0.00776749351876395,2.375919726,-0.449843763611653,3.942873055,0.107887571331517,22.16503673,-0.19838350347927,31.45735842,-0.607962883073284,25.96945578,0.253573731714312,3.859867065,3.736879387,0.541962555726256,-0.438032036572993,35.69930711,-0.618999333035193,43.83286713,-0.630531689684782,0.278789796,-0.186775695006428,0.199997306,-0.769439384604172,1.127161439,-0.284851086662275,57,-0.427858404998977,1983
2015526130,0.678210194651962,1323169924,1.10052143454237,2011342050,0.75814481561374,36228296.43,0.286885542021243,1408881838,0.82342073566959,307895320.2,0.460298133514916,434933695.8,-0.0862607431911196,11590029.14,-0.309983110737399,1734339017,0.823966672078672,281178550.2,-0.24719734278071,3.242688707,0.409746824674453,4255352.397,-0.467376364123435,120014547.5,0.127918486116714,207969165.9,-0.4217340219309,1410899555,0.802887217416724,267921435.8,-0.0283176411704668,0.902999488,0.866766513100237,0.934391452,-0.128547515151187,0.836400285,-0.0948949966617856,1.105279675,0.669883953042823,1.18690824,0.148146068767462,1.105247414,0.531226470584822,38,-0.90613679028343,-0.513262404,0.458898577660496,9.22e-05,-0.786880702097136,6.22e-05,-1.30115452428568,8.15e-05,-0.464443075231176,0.000135226,0.243319011251756,5.84e-05,-1.13949577180874,0.000211958,0.0954408364214137,0.000170856,0.331506303147151,5e-06,-0.174823265875486,0.019909325,-1.12779528823156,2.07510355,-0.984606208309147,1.362276764,-0.951477760987456,"4X",52.70085872,-0.0816219009719317,4.307132102,-0.639465466228706,7.705700136,0.14602295806599,185877,-0.156426760072844,0.174970501,-0.797812252278793,0.08116548,-0.729112837426216,82313,-0.408653884070423,163880,0.14094399837891,4899,1.07168967916485,82313,-0.421858164519028,65261,0.767940850688726,74311,0.754240562927301,21997,-0.776117268423233,419,-0.603266626124803,58,-0.193839460021134,1.424781987,-0.251372045514381,2.274214765,-0.512989551145731,3.957099795,0.682228575287072,19.99681115,-1.05392709433638,30.38608187,-0.860162348023711,22.29528126,-0.886466534908588,3.869248321,3.764986806,0.691310673823712,-0.285972363573245,34.45462515,-1.28339947652034,42.04764605,-0.929819632233872,0.182168795,-1.1769891226785,0.218159731,-0.614191945235446,0.730011056,-1.06277774583808,55,-0.480836834689295,1984
2596181222,1.87842332535994,1678851177,1.90390535085234,2591161452,2.0114206511231,14729412.34,-1.51811754960809,2044843947,2.07941821706332,372931863.6,1.03647898149581,524826177.3,0.495155384720018,11013390.97,-0.384060460132324,2198155317,1.83422031184483,398007458.9,0.584152772519563,3.898501631,0.814864459080708,1805190.59,-0.8236728481784,110207546.2,-0.0815240446078754,351366000.5,0.820802623025546,2046160867,2.06696702473272,81437812.06,-0.814703477179268,1.038838318,1.97413396324029,0.968806582,0.43163627895682,0.804200842,-0.321362271063972,1.117227627,0.761310974023545,0.862362813,-1.11717847403984,1.099010225,0.489721134983365,38,-0.90613679028343,-0.174284935,0.994274365368748,9.02e-05,-0.840974660245701,7.81e-05,-1.00627289065331,8.24e-05,-0.438161642029691,0.000316034,2.78916056665868,6.41e-05,-1.02234932988375,0.000175238,-0.18596712942117,0.000140279,0.0257491366282226,1.82e-07,-0.591774000752251,0.021238244,-1.05541732159771,2.040673962,-1.00182480455285,1.389983974,-0.924798913992524,"4X",53.11364669,0.948748359863784,6.666900337,0.484278215831136,7.305206517,-0.181832861249434,234268,0.940348794556252,0.187479629,-0.679157262554131,0.119542465,-0.300566490664832,131081,1.21531520676328,213522,1.01917550972406,4655,0.906624301068202,131083,1.16443198986556,65352,0.771355344550391,73622,0.730689474481827,20746,-0.841422637965957,396,-0.647473478839839,2,-0.361786827730098,1.329005418,-0.793116239949907,2.060555943,-0.645644383772761,3.949437023,0.372878424545409,22.47031048,-0.0779278633104035,31.16190109,-0.677519320709935,22.29124644,-0.887718477962337,3.862325435,3.811715535,0.939602690149936,-0.398184606941784,34.96314556,-1.01195581120914,43.81213164,-0.6340079438078,0.182330248,-1.17533448313965,0.204141175,-0.734018726221305,0.713280127,-1.09554980463244,50,-0.613282908915088,1985
2739191271,2.17402486403204,2010528411,2.65307093929502,2738379226,2.32963090430755,26105616.43,-0.562994322398011,2098333727,2.18505820411529,335965750.3,0.708983616670627,517934478.4,0.450580523482402,10403324.28,-0.462432176921963,2341082311,2.14553432972073,398085223.9,0.584706145331444,4.106429361,0.943308390303178,1551232.103,-0.860602864700373,98567809.56,-0.330107258199306,282890188.9,0.227458248001707,2128146703,2.23010719684117,227020557.6,-0.200793221876925,0.858135606,0.50103307286283,0.920522421,-0.354297248079161,1.047572451,1.39033519392337,1.087330123,0.532532039735958,0.939368779,-0.816950738209239,0.939745895,-0.570102363389255,41,-0.483681124543182,-0.365395963,0.692436554563589,7.21e-05,-1.33052498149022,4.75e-05,-1.57378094028542,6.45e-05,-0.960870146814777,0.000229188,1.5663377063822,4.55e-05,-1.4046166666916,0.000185422,-0.107920867870493,0.000138384,0.00679993197919336,1.65e-06,-0.464732971528696,0.029722108,-0.593353926072395,2.486105422,-0.779059883172322,1.619091755,-0.704194550195248,"4X",52.86612575,0.330905219933857,8.147196378,1.18920902173799,7.400970787,-0.103437421940341,197335.978,0.103289446482768,0.179292141,-0.756819454875674,0.078633235,-0.757389794145322,95442.78,0.0285663605458534,176549.402,0.365082189150822,5982.996,1.80501021029291,95443.483,0.00522315402134793,62220.891,0.653870152674495,71617.997,0.662189544296058,20786.576,-0.839304467962307,654.314,-0.150984393960201,17.116,-0.316453034689229,1.365082534,-0.589052048164367,2.10497436,-0.618066221459891,3.962798271,0.912279059576285,23.17712347,0.200968082345329,30.71511155,-0.782702322179955,21.08846381,-1.26092356735874,3.890498482,3.803223767,0.894481878092444,0.0584689919181624,35.13195623,-0.921846179211403,41.41621578,-1.0356773708012,0.231627108,-0.67011913441779,0.189194595,-0.861778002436888,0.910717399,-0.708815398779566,51,-0.58679369406993,1986
2651324596,1.99240458972529,1831611680,2.2489483637255,2649015641,2.13647210129291,25920524.2,-0.578534293960627,1985853736,1.962915118224,240177519.8,-0.139636881756403,562083488.7,0.736132175760851,5952792.542,-1.03416608511786,2162956305,1.75755217838515,487981790.1,1.22440672549674,3.533664996,0.589492635642935,2705127.432,-0.692806253262071,61003491.11,-1.13234697250549,440206190.4,1.59060477244928,1986214749,1.94768276192721,158631249.2,-0.489185212452889,0.882306227,0.698073631479771,0.846433588,-1.56025996189063,1.070525942,1.55177322081052,1.088894004,0.544499026295524,1.110667111,-0.149099751599735,1.076105115,0.337299222237369,39,-0.765318235036681,-0.267034762,0.847786718751949,8.15e-05,-1.07628337819196,6.13e-05,-1.31784593751016,7.29e-05,-0.715576770267586,0.00017816,0.847845145824567,5.66e-05,-1.17648938504821,0.000261599,0.475870379787201,0.000128141,-0.0956257689284622,4.51e-06,-0.217227969090433,0.02229198,-0.998026864354731,2.114599013,-0.964854115113748,1.368489819,-0.945495305745081,"4X",52.9393682,0.513727510783906,5.308120642,-0.162785370719536,6.748694762,-0.637409701274416,216183.348,0.530462571341725,0.207730055,-0.487072403485615,0.150970896,0.0503870636462286,112367.297,0.592150934145132,193030.929,0.656661826685285,4617.996,0.881591189383415,112404.991,0.556912166609319,62830.085,0.676728275460909,72025.713,0.676125909429055,23152.419,-0.715801469245228,557.407,-0.337243240745242,26.85,-0.287260183309246,1.391828538,-0.437767735700122,2.130265846,-0.602363439750185,3.969185278,1.1701259038042,24.44038795,0.699429976435442,34.45013542,0.0965953919267121,22.88544195,-0.70334868171038,3.922296797,3.806325528,0.910963013131491,0.573884132581939,35.17934804,-0.896548853166748,44.96978939,-0.4399294568041,0.190462465,-1.09199203805214,0.212643258,-0.661345247043807,0.748865203,-1.02584678916487,51,-0.58679369406993,1987
2278460756,1.2216956389215,1500806920,1.50175344866828,2274921946,1.32787103250717,41787205.79,0.753600397493877,1652709279,1.3049693176633,274697309.6,0.166185671523484,558841314.6,0.715162098177268,7009633.536,-0.898399873929623,1808069042,0.984560480697084,470345089.5,1.09890462810938,2.965408342,0.238461445223616,3464535.264,-0.58237504021631,72257022.51,-0.892011723849551,459109473.4,1.75440212476184,1657192696,1.29297559575407,82725620.29,-0.80927289763959,0.875644756,0.643768863428898,0.857759061,-1.37591236723654,1.027152033,1.24671294534555,1.127659522,0.841136962865292,1.350897602,0.787501139692281,1.162068025,0.909338874848161,40,-0.624499679789932,-0.298984647,0.797325563031115,0.000119538,-0.0474703881643958,0.000104004,-0.525856926023563,0.000101465,0.118566717955095,0.000124669,0.0946726609772603,9.44e-05,-0.399623507019362,0.000213275,0.105533818202859,0.000119922,-0.177812319329714,1.96e-06,-0.437905506229443,0.026135694,-0.788683628505099,2.176106241,-0.934093708541311,1.357389141,-0.956183978112382,"4X",52.96634235,0.581058353713564,4.427049673,-0.582359598465716,5.975857902,-1.27007661508225,272361.617,1.80373553822767,0.245514049,-0.128673367211728,0.187415516,0.457355166015576,156090.195,2.0481186776178,230824.187,1.32527368946271,5209.557,1.28178069812205,156090.456,1.97782303433973,58586.01,0.517482472868059,67017.43,0.504935030048848,41537.43,0.243942685352723,874.84,0.272874753945709,13.764,-0.326505884270665,1.303217488,-0.938981366565684,1.928635897,-0.727549878984562,3.950485647,0.415211928983649,25.87476056,1.26540812220867,36.8748931,0.667430802755448,22.64954586,-0.776543637441253,3.917993998,3.692126204,0.304167557191488,0.504140570640593,35.46271947,-0.745287707908731,46.84471284,-0.125603131580818,0.203084351,-0.962637540889083,0.246688584,-0.370335115743966,0.777537152,-0.969685006494179,46,-0.719239768295723,1988
1641507450,-0.0948858085534392,1269076162,0.978338839882264,1636675570,-0.0516943241937103,30757796.62,-0.172406625352254,1289473005,0.587593488445708,193954815.2,-0.549139535804255,312146900,-0.880434206659825,7743561.811,-0.804116380247632,1405460448,0.107625371927436,236005454.4,-0.568647391571591,4.148654989,0.969392576662821,1279660.555,-0.900094129091699,60615320.48,-1.14063691115373,185770374.3,-0.614087026888733,1294989617,0.57224289936159,93910809.88,-0.762105889136406,0.880879518,0.686443001950483,0.880902533,-0.9992002073873,1.032665675,1.28549186073764,1.086130776,0.523354506771968,0.897980646,-0.97831311188358,0.900814095,-0.82917378555857,42,-0.342862569296433,-0.622182479,0.286871890688075,0.000150812,0.798396835404721,0.000102468,-0.554343604593332,0.000118821,0.625389556449505,0.000121873,0.0553039771307616,0.000100847,-0.267124715599998,0.000269429,0.535876490150693,0.000189236,0.515298588872301,2.15e-06,-0.421462866207321,0.025190959,-0.840137478068413,2.234357007,-0.904961892597404,1.43153042,-0.884794479189553,"4X",52.94856764,0.536690460485046,3.989946917,-0.790512014953323,5.449197252,-1.7012164652953,247547.502,1.24132693452542,0.150892738,-1.02620121123403,0.093067267,-0.596208511075875,130039.161,1.1806220814839,194472.2,0.682159784233086,3748.534,0.293402362454467,130039.172,1.13048050167054,52257.146,0.280011403864567,59069.57,0.233264850350382,53075.302,0.846248836189369,510.173,-0.428028739925328,16.646,-0.317862592953929,1.365618751,-0.586019026103328,2.108535542,-0.615855182394233,3.965375259,1.0163134255028,24.81898179,0.848816431580012,33.1920511,-0.199582277944362,20.60233181,-1.41176290606656,3.900750262,3.593250525,-0.221206066913172,0.224638885849776,34.85478114,-1.06979977337011,40.97029946,-1.1104341499234,0.205508376,-0.937795093810597,0.192759622,-0.831305127089551,0.803953494,-0.917941441438356,50,-0.613282908915088,1989
1764219454,0.15875970411915,1094183677,0.583305904220396,1759190323,0.213120511078562,27784088.63,-0.422073170512593,1191003939,0.393121369523931,361851127.2,0.938310970690905,477511575.9,0.189128986509541,6970068.111,-0.903482613790017,1373471317,0.037948786551488,390747261.1,0.5324894783461,2.50531189,-0.0457555615045878,1457069.52,-0.874295755168498,78002419.62,-0.769310556191284,344640210.9,0.762523512000685,1196358684,0.375981347734097,138635750.9,-0.573504555522826,0.896005846,0.809753864296265,1.015124012,1.1855568270045,1.136866919,2.01836701382638,1.125666439,0.82588567617973,1.237282693,0.344543942250341,1.205686191,1.19959569056275,44,-0.061225458802934,-0.397822993,0.641221803387047,0.000143119,0.590324425386264,0.000123918,-0.156531589410037,0.000118215,0.607693391427172,0.000233788,1.63110735791793,0.000113846,3.0828011032819e-05,0.000155829,-0.334710245135732,0.000139694,0.0198993821587334,2.14e-06,-0.422328268313749,0.033603641,-0.381950924112019,2.545767475,-0.749222267872437,1.518087526,-0.801449971124751,"4X",52.89618704,0.40594194936751,5.296105865,-0.168506919787302,6.986761992,-0.442520886469596,252488.504,1.35331408521405,0.23440435,-0.23405411163205,0.171920461,0.284325700227246,135588.552,1.36541619764512,207958.485,0.920749697169337,6495.579,2.15177130332944,135591.031,1.3110599412898,56386.822,0.434964737410376,66705.6,0.494276197088105,44530.019,0.400163413198039,522.683,-0.403984056122498,14.937,-0.32298798672919,1.382097061,-0.492812212894046,1.983482389,-0.693497214328198,3.971592412,1.26730317408648,24.24150876,0.620955754044175,34.84732277,0.190101067146689,21.56899065,-1.11182342423515,3.901833891,3.68210555,0.250923044879428,0.242203300613966,35.95227978,-0.483964775094127,46.83844164,-0.126654482904383,0.242700349,-0.556635814926524,0.273822254,-0.138403928792003,0.934432167,-0.662363598572265,47,-0.692750553450565,1990
1463983813,-0.461826877483971,892963481.5,0.128806075123565,1461689239,-0.429926131253423,31867380.21,-0.0792482175955112,1001364540,0.018591811636355,225071431.6,-0.273466852627059,422901804.5,-0.164081886120561,5460649.967,-1.09738877722718,1154671017,-0.438627391251938,309312796.2,-0.0469951075955224,2.380909844,-0.122602876869203,1196374.543,-0.912205375443585,100019402.3,-0.299106420354302,289526304.6,0.284960332761261,1008161424,0.00149552329560399,62492018.43,-0.89459630349709,0.882452948,0.699269711125421,0.871653528,-1.14974860608938,1.033438387,1.29092655041653,1.032418405,0.1123416344118,0.764354688,-1.49928857524618,0.810810161,-1.42810440736936,44,-0.061225458802934,-0.356108039,0.707105758514942,0.000157848,0.988699380171374,0.000115311,-0.316157137880089,0.000132087,1.01277788183939,0.000192715,1.05278477149903,0.000102877,-0.225404140668819,0.000330273,1.0021615193916,0.000199591,0.618844242772405,6.65e-06,-0.0320319183149501,0.041667672,0.0572467746584259,2.750042227,-0.647062332718087,1.540395686,-0.779969786458793,"4X",52.62788548,-0.263772210082981,8.289521029,1.25698535035809,6.457209001,-0.876028491831064,230893.655,0.863869715618332,0.355708764,0.916575572285658,0.159725456,0.148147080633059,102968.558,0.279173948646172,192908.945,0.654503771154083,6141.329,1.91212208123626,103016.922,0.251556385937121,74334.972,1.10841361656705,84403.217,1.09920819018117,37984.71,0.0584817001554213,663.239,-0.133830213069692,36.321,-0.258856084745467,1.394221882,-0.424230184388515,1.831678045,-0.787748318293267,4.005764301,2.64684037201925,25.52221827,1.12630114943899,36.95516922,0.686329372421979,22.3110027,-0.881588412067189,3.902714536,3.739051735,0.553505276374236,0.25647757164216,35.99260761,-0.46243813865244,47.8100647,0.036235743868343,0.268961033,-0.287505070600523,0.291953314,0.0165754111386913,1.011616267,-0.511177620603585,43,-0.7987074128312,1991
1512483645,-0.361577803626661,642759800.4,-0.436333671494701,1486962168,-0.375298860936167,42679363.94,0.828504202371887,824459335.5,-0.330788266442231,220846672.3,-0.310895431526429,447622356.2,-0.00419167940465191,6458188.037,-0.969240867514355,1162416510,-0.421756676499065,350066692.9,0.243008086797754,1.875667797,-0.434707831487654,708835.4213,-0.98310211148962,82135710.44,-0.681038222673646,305908519.9,0.426912579424146,839725686.3,-0.333667677791863,258421662.8,-0.0683773889524725,0.842701786,0.375215514663009,0.904610065,-0.613306699947492,1.055643452,1.44710069754303,0.938257325,-0.608189134102134,0.710252529,-1.71021987763536,0.761525633,-1.75606799394649,46,0.220411651690565,-0.351501074,0.71438192799929,0.000159991,1.04666105632756,0.000186143,0.997494174915394,0.000137659,1.17548915494903,0.000146214,0.398033996267968,0.000145132,0.643020930127712,0.000296489,0.74325392903142,0.000171807,0.34101590400268,1.89e-06,-0.443963320974436,0.080465989,2.1703502017864,4.701435502,0.328849807587115,2.548383172,0.190605883621334,"4X",52.73088292,-0.0066777528045732,8.111922498,1.17241127049962,4.809835888,-2.2246164244663,241963.54,1.11476718127425,0.269251199,0.0964847164966452,0.151475215,0.0560186698042516,119644.926,0.834495187560384,204676.656,0.862689875996815,6240.303,1.97907773997288,119655.129,0.792729729195531,65478.564,0.776104267639489,76904.844,0.842902173170786,37286.884,0.0220534149383784,1182.399,0.864014554562387,12.181,-0.331253396468581,1.383646239,-0.484049545819939,2.004160662,-0.680658648533658,3.985970057,1.84773629255329,23.66837304,0.394806502573176,35.59877153,0.367006811242052,26.0496809,0.278466361799464,3.916714898,3.720714584,0.456071250392737,0.48340778947206,37.21985038,0.192653120546905,48.77478618,0.197968937654131,0.402028194,1.07622422469421,0.31333697,0.199357051714864,1.547867888,0.539216511843063,47,-0.692750553450565,1992
1275823103,-0.850754759003927,457691595.5,-0.854350696521929,1261891678,-0.861787249269282,24743229.17,-0.677377618107776,624161089.2,-0.72636858376013,196960148.8,-0.522514263740465,411597770.5,-0.237195316391767,5031519.859,-1.15251662446317,925358532.1,-0.938100507039476,350286594.5,0.244572898303305,1.819364853,-0.469488047992488,2895662.94,-0.665099049846331,42550823.74,-1.52643006012493,323730146,0.581337351517143,748899019,-0.514399848838568,143445058.6,-0.553224107403902,0.840788962,0.359622042344035,0.778651965,-2.66355861986282,1.038839693,1.32891537674598,0.808237396,-1.60311569361587,0.632031861,-2.01518344433871,0.683319079,-2.27649302355574,47,0.361230206937314,-0.476023825,0.517712615136424,0.000182428,1.65351412581724,0.000265079,2.46144239078992,0.00015181,1.58872088965371,0.000180198,0.8765409175267,0.000194584,1.65935879786005,0.000256701,0.438333990443601,0.000145282,0.075777036817718,5.34e-06,-0.145399594256951,0.060676238,1.09252533994744,4.337193099,0.146688380848756,2.431489783,0.0780510345459437,"4X",52.81443829,0.201886872712791,6.556207399,0.431565204493333,6.123790158,-1.14897493282534,232729.025,0.905468131639898,0.374932427,1.09892109914695,0.225610392,0.883867946391733,121324.565,0.890426983405177,191554.344,0.6305391185716,4458.681,0.773814997942977,121451.669,0.851163883674884,50559.779,0.216322951089907,59793.17,0.257998620450737,41174.681,0.225006268489211,1257.913,1.00915526221122,26.889,-0.287143219963877,1.463237977,-0.0338521495597607,2.384887992,-0.44427561616027,3.968829565,1.15576558221683,23.83136348,0.459119656886659,36.83805677,0.658758809779649,25.00701052,-0.0450583405641559,3.925445918,3.683534419,0.258515307127262,0.624927863772796,37.28960946,0.229889896085448,51.48683136,0.652636671032214,0.364496695,0.691585337849509,0.333489811,0.371618022441795,1.467227387,0.381260235776239,56,-0.454347619844136,1993
1383256239,-0.628690641635719,436100301.5,-0.903119357185413,1370720792,-0.626553832957882,39339611.59,0.548105308559983,654810658.7,-0.66583701819511,152860132.9,-0.91321129695999,410734865.7,-0.242776503596749,8487815.74,-0.708506409896417,1065474376,-0.632909548272218,317779525.8,0.0132538214366826,2.021702966,-0.344497010626494,3447567.047,-0.584842516462373,78510737.22,-0.758454707262637,280506195.4,0.206800893232678,830782871.7,-0.351462609016056,177158187.8,-0.411058662745996,0.787977232,-0.0709027993936694,0.826719845,-1.88114555348393,0.92195912,0.506863119572597,0.85667915,-1.23243415260356,0.629049106,-2.02681248851156,0.709395375,-2.10296847319772,49,0.642867317430813,-0.976503092,-0.27273662207165,0.000145148,0.645202745927983,0.000229063,1.79348912557586,0.000108839,0.333899260652593,9.26e-05,-0.356870372739968,0.000152637,0.797263745328942,0.000197933,-0.0120413727545731,9.23e-05,-0.454020726092504,1.12e-05,0.361726040109558,0.078914704,2.08586133980941,5.813796945,0.885153373115756,3.208622781,0.826340463483584,"4X",53.07142487,0.843357430747415,6.610506337,0.457422866112403,8.834832705,1.0703639861442,200726.35,0.180131775236027,0.333107444,0.702191372814376,0.185652151,0.437664103031944,99894.295,0.176801325428207,149148.907,-0.119668186246123,3644.497,0.223021597122334,99948.102,0.151740126934076,30256.101,-0.545509839022612,37910.58,-0.489982239499974,51577.443,0.768056801402882,1039.889,0.590105051065878,95.244,-0.0821424642541227,1.594652637,0.709472964944169,2.635846188,-0.288462637434958,3.954969091,0.596210930029478,21.64966307,-0.401740864344633,35.21521708,0.276710587480451,26.1037322,0.295237655086674,3.8865748,3.530425198,-0.55502698288939,-0.00512950724601925,38.17877186,0.704516865164036,50.41783894,0.473422709486135,0.42650268,1.32704924639495,0.306912171,0.14443962779109,1.760233876,0.955192853901403,62,-0.295412330773183,1994
1880802954,0.399737608991968,405582948.7,-0.972049474252552,1874259089,0.461840894274157,33191199.38,0.0318969788065491,1305792023,0.619822838617291,229692820.8,-0.23252439460421,409772025.5,-0.2490040635833,7864072.463,-0.788635078213786,1606291291,0.545061680479024,274509016.2,-0.294657495593891,3.269147275,0.426091169358238,3832679.722,-0.528840381552144,119243928.4,0.111460813726204,222456460.4,-0.296201304610193,1346078166,0.673901857582509,182256796.4,-0.389558256941019,0.809012971,0.100581986350154,0.902576863,-0.646401644251,0.786841176,-0.443457434124782,0.91900505,-0.755509624706019,0.939795507,-0.815287028396736,0.916772961,-0.722975610523521,51,0.924504427924312,-1.291054913,-0.769534917957623,9.11e-05,-0.816632379078846,0.00018936,1.05715670418554,6.42e-05,-0.969630624548605,8.44e-05,-0.472329316781918,5.89e-05,-1.12921976813111,0.000113907,-0.655984339472681,7.99e-05,-0.578015521685097,1.74e-05,0.898275346094603,0.055620727,0.817183045590102,4.281622913,0.118897150935647,2.822681627,0.454723653396472,"4X",52.73728702,0.00930767958924231,6.570150541,0.438205058991825,7.764218245,0.193927597892435,170835.047,-0.497350616663529,0.179043821,-0.759174887408495,0.096590627,-0.556864017069241,76801.235,-0.592195058527835,120005.749,-0.635248535460707,2799.883,-0.348357621138805,76871.339,-0.598853310465277,26163.545,-0.699070359248145,32723.435,-0.667286899404904,50829.298,0.729001736897254,1160.934,0.822758028756811,136.568,0.0417906968745421,1.580091535,0.627110519145097,2.501590251,-0.37181842253762,3.951391443,0.451779391664415,21.86465779,-0.316907737911304,29.76973701,-1.00526199005074,29.33946547,1.2992362947189,3.766901686,3.463844494,-0.908802007341255,-1.94489690957479,39.53336163,1.42758481864471,46.38706956,-0.202325906830938,0.355205113,0.596361223366197,0.223192128,-0.571176392624115,1.454332123,0.356001366410601,60,-0.348390760463501,1995
1495746850,-0.396172731668673,460678218.1,-0.847604756046601,1491763554,-0.364920696580168,36779803.22,0.333188943483257,600286872.8,-0.773519121888572,355506669,0.882103258617829,793445741.7,2.23256149931954,8053563.205,-0.764292305514161,869927547.2,-1.0588365705436,623982956.2,2.1921859025542,0.756704604,-1.12592891778609,4390625.62,-0.447705265829442,143522473.7,0.629963851952945,589537325.2,2.88456225581712,601271297.3,-0.808158052708278,151230953.5,-0.520391640149031,0.848449029,0.422067433412937,0.949309161,0.114271815388002,0.679244523,-1.20021340470812,0.956396584,-0.469385562312778,1.027435549,-0.473599588520214,0.952451414,-0.485553565832264,51,0.924504427924312,-1.021540929,-0.343868687372872,9.82e-05,-0.62459882765144,0.000161898,0.547846048662761,7.77e-05,-0.575409126526334,7.45e-05,-0.611724871174027,0.000124555,0.220122274778517,7.98e-05,-0.917367277680552,4.28e-05,-0.948999950433903,9.16e-06,0.18518401039835,0.065919195,1.37807665406718,5.218828465,0.587603427561633,2.639872074,0.278699142314374,"4X",52.64661998,-0.217008561298304,4.468057166,-0.562831447144592,6.658327733,-0.711386800849368,146753.606,-1.04315326197036,0.47823943,2.07883683583544,0.361972032,2.40658482111212,74583.003,-0.666061942638281,115911.127,-0.707687721380837,2741.411,-0.387913780106293,74768.966,-0.667234971132572,28382.513,-0.615810440399433,33923.909,-0.626252836486919,30842.479,-0.314360853653129,1028.911,0.569004928061284,73.741,-0.146631254394227,1.594569639,0.709003500594806,2.795780928,-0.189163596247005,3.9509183,0.432678358986906,24.15009745,0.584886462581268,43.45207822,2.215828896734,26.13235399,0.304118559606916,3.986061343,3.64688112,0.0637588541169966,1.60743614456596,39.34967958,1.3295369764669,61.67328386,2.36037048885103,0.395812089,1.01251891658196,0.532296122,2.07095997226912,1.652272945,0.743722111408529,65,-0.215944686237707,1996
1479040850,-0.430704006495774,490161121.4,-0.781011169464342,1464967890,-0.422839348615251,35150649.48,0.196408470360593,569119298.6,-0.835073724186981,172289324.2,-0.741081486032539,520274541.7,0.465715833135111,8993837.236,-0.643500773588063,1081106816,-0.598860013125597,397932410.3,0.5836187295078,1.151040877,-0.882334178749897,4961320.476,-0.364716228093187,106348448,-0.163940602799084,371634702.6,0.996431361101998,599110962.8,-0.812456811607826,382670014.7,0.455567513672451,0.712327016,-0.68760854394745,0.988383863,0.750300643987508,0.698960229,-1.06154758366473,0.982265773,-0.2714317301031,1.328882473,0.701669447980388,1.07396323,0.323046061759991,51,0.924504427924312,-0.807488965,-0.00579831598485969,0.000104751,-0.447414067735814,0.000156062,0.439611506909395,8.61e-05,-0.330115749979143,6.5e-05,-0.745488281954334,0.000135312,0.441200217899055,0.000194733,-0.0365649427626414,7.59e-05,-0.618013842843998,7.85e-06,0.0718163344563488,0.073619404,1.79745922747885,4.828208999,0.39225055636301,2.764750851,0.398942998859198,"4X",52.91245877,0.44655821704689,4.139967893,-0.719070624457425,7.536890399,0.00783035771757774,154913.015,-0.858221346295531,0.31043789,0.487159941612083,0.237944665,1.02160173746749,76495.409,-0.602379031033849,126172.306,-0.526154126010927,2285.221,-0.696525152376405,77008.695,-0.594385677280006,33550.459,-0.421899232768439,39494.794,-0.435831348309034,28740.709,-0.424078572712929,928.447,0.375909395402009,70.615,-0.156006316384553,1.409805429,-0.336084448911573,2.250701031,-0.527588575978914,3.961474145,0.858823393963241,21.32426421,-0.530137518139857,36.26250228,0.523262019125717,29.52049714,1.35540765843898,3.95310826,3.716343582,0.432846032776697,1.07330350547015,38.12181874,0.674115797006895,53.35719364,0.966198327274042,0.396564189,1.02022675971383,0.362123821,0.61637370519663,1.574475591,0.59133490927926,53,-0.533815264379612,1997
976207862.9,-1.47005897295585,494300526,-0.771661418667273,970711617.2,-1.49117104140183,30267114.65,-0.213603297195736,640298279.3,-0.694498335775951,144053903.2,-0.991228679662105,248489013.2,-1.29216743992541,8572988.221,-0.697564797006189,831350294.4,-1.14286296214169,144151408.5,-1.22227732357627,2.613158937,0.0208651758420586,5224070.099,-0.32650782626674,92429733.16,-0.461194653384711,114838107.8,-1.22871663626553,649366403.7,-0.712455620209202,108445817.2,-0.700812979584904,0.70465882,-0.750120203181368,0.937645736,-0.0755767096297492,0.809979956,-0.28071622025994,0.915693683,-0.780848563143659,0.972819603,-0.6865340228188,0.921677054,-0.690341354004157,51,0.924504427924312,-0.82410649,-0.0320437787375377,0.000173218,1.4044114485431,0.000190281,1.07423758371859,0.000141422,1.28537474732368,5.92e-05,-0.827154364325469,0.000146895,0.679254119095036,0.000195029,-0.0342965125368951,0.000133205,-0.0449878943412934,5.09e-06,-0.167034646917639,0.056668095,0.874226677412178,4.400085708,0.178141630916233,2.233076644,-0.11299792986315,"4X",53.12158649,0.968567091007957,5.999473173,0.166443164212129,8.452406108,0.757298360777912,169092.627,-0.536842333344251,0.264337571,0.0498766331953302,0.104175122,-0.472169827979609,94055.865,-0.017617757966565,137276.654,-0.3297037749666,1791.489,-1.03053359196006,94056.57,-0.0398874967247657,28094.668,-0.626610934746808,33100.017,-0.654414742671996,31815.973,-0.263542000401631,878.485,0.279880579082505,43.675,-0.236800996493115,1.666523998,1.11600133586472,2.633686664,-0.289803425950463,3.926438965,-0.555565317362321,22.26765918,-0.157890493810252,33.70369684,-0.0791308577465006,23.91869801,-0.382745099131476,3.82031862,3.671089918,0.192391740071464,-1.07906812111736,36.5025881,-0.190215095642622,46.13628362,-0.244369555566499,0.360415831,0.649762894617902,0.259373042,-0.261911839431461,1.48162402,0.409459943223254,61,-0.321901545618342,1998
1208169145,-0.990595380148374,519007522.6,-0.715855262111799,1198216968,-0.999419717415055,27923512.07,-0.410367458756016,524289323.2,-0.923610974121383,169191311.1,-0.768527837294403,450620241,0.0151983579294455,11137197.51,-0.368155754550734,890560440.3,-1.01389538293725,315146860,-0.00548012926722479,1.203206787,-0.850109546873247,7307625.54,-0.0235223353326339,127271852.5,0.282908607861699,294267451.8,0.326042474857113,542414011.8,-0.925275693446934,226457827.5,-0.203166207618305,0.697853493,-0.805597695201576,0.983020942,0.663007019547284,0.608581439,-1.69720572952357,0.981377568,-0.278228370830329,1.259349841,0.430578443528834,1.01305974,-0.0822358355418195,54,1.34696009366456,-0.90935875,-0.166689883642547,0.000145704,0.660240866293284,0.000189743,1.06425982781329,0.000113823,0.479439997403926,5.95e-05,-0.822930256616617,0.000187832,1.52059164419733,0.000138367,-0.468532301223509,6.4e-05,-0.737008848291728,2.56e-06,-0.385981379843794,0.049467315,0.482044900661538,5.056319853,0.506331174865698,2.414929902,0.0621057794497686,"4X",52.85561072,0.304658393497041,5.811325213,0.0768453476950133,8.155779055,0.514470757843158,176006.017,-0.380151271956447,0.333618343,0.707037491232489,0.23197356,0.954923877445956,98478.19,0.12964518309358,136362.072,-0.345883919443235,1662.556,-1.11775643783766,98478.281,0.103932815451449,23410.571,-0.802367203471503,28840.371,-0.800016048466494,39643.945,0.145097971005318,745.169,0.0236422844495623,28.473,-0.282392708705823,1.648680646,1.01507339016571,3.562521925,0.286884608424445,3.91929285,-0.844057752275859,22.44585601,-0.0875771660717454,37.35025765,0.779340920797704,26.59110136,0.446460865657025,3.933619004,3.616662488,-0.0968071452257265,0.757404451615492,38.58761736,0.922754951352142,53.67433117,1.0193656575964,0.366756591,0.714745720594275,0.379754111,0.767072600186041,1.620638917,0.681758294245814,83,0.26086118097515,1999
1267830417,-0.867275627965541,494348326.9,-0.771553449878023,1262210928,-0.861097192487625,37616849.55,0.403465670738592,558584465.4,-0.855879561168226,235086203.2,-0.184742586373651,530312095.5,0.530637788416719,7618827.849,-0.82014022633553,884358421.5,-1.02740420543141,379808548.4,0.454650010652933,1.056221886,-0.940907049037992,3287458.853,-0.608125054957427,138612356.4,0.525101278572172,298464233.8,0.362407680828637,560497739.2,-0.889291643709387,260881005.1,-0.0580065482757935,0.584242271,-1.73176416184028,0.937086388,-0.0846813588019805,0.728756078,-0.851985427215963,0.931452738,-0.660258569802426,0.923838167,-0.877500858141811,0.914523018,-0.737947842293177,51,0.924504427924312,-0.954888702,-0.238599187786649,0.00014207,0.561952144337341,0.000199462,1.24450854462291,0.000108458,0.322773453930631,5.01e-05,-0.955285631493974,0.000176531,1.28833340907554,9.76e-05,-0.780954919510672,5.51e-05,-0.826005112870282,1.6e-06,-0.469059982060833,0.082733409,2.29384249071064,6.956805458,1.45678385816439,3.682896071,1.28301093076244,"4X",52.76409567,0.0762254138758302,6.284923127,0.302377099415631,8.084649433,0.456241963694988,180072.448,-0.287986156224472,0.295680711,0.347181125933644,0.214705722,0.762098180185803,98603.938,0.133832577803926,136860.36,-0.337068556981506,1885.793,-0.96673717632061,98607.373,0.108131654258294,22950.045,-0.81964701885763,29204.411,-0.787572596742705,43212.088,0.331364075878446,675.995,-0.109312708146519,12.154,-0.331334371092298,1.461301892,-0.0448032915732486,3.115208744,0.00916026920937982,3.919066111,-0.853211325399152,20.75913519,-0.753127466938615,35.40729082,0.321928504795105,25.9252149,0.239846461995281,3.934263762,3.586969327,-0.254581066613343,0.767855258058037,40.07154445,1.71486201420175,52.27343433,0.784508732779493,0.452100855,1.58939031455362,0.42118629,1.12122352976823,1.939720383,1.30676582155896,73,-0.00403096747643735,2000
1527147477,-0.331267686733902,605832159.4,-0.519742826732546,1518593652,-0.306927615679871,39096953.9,0.527732256692544,684670517.2,-0.60686509747841,316841576.6,0.539556060356189,571076318.5,0.794296954327787,16161793.35,0.277324827506412,1149344078,-0.450230173460244,374421827.9,0.416318310403427,1.203669359,-0.849823800637507,13911445.9,0.936788926101781,172740773.2,1.25396240192245,282499050.7,0.224069027116198,689632187.4,-0.632332428162961,358835582.9,0.35505970928224,0.62444526,-1.40402664071367,0.954636352,0.200983853561852,0.751892885,-0.689258089986577,0.951461251,-0.50715126422871,1.088731737,-0.234620497753576,0.971450409,-0.35912487118065,51,0.924504427924312,-0.947675672,-0.227207039425269,0.000132608,0.306033628336478,0.000167238,0.646881767127973,9.58e-05,-0.0468603032520292,4.06e-05,-1.08904904227428,0.000148004,0.70204629525202,9.21e-05,-0.823104805462039,6.35e-05,-0.74200863843659,1.83e-06,-0.449155733613001,0.074138429,1.82572729658775,6.189690014,1.07314141949953,3.153013936,0.772795560647105,"4X",52.69090163,-0.106476039575983,5.969338423,0.152092714697347,6.989532524,-0.440252847740121,202237.737,0.214387159815477,0.304050575,0.426573240789038,0.166548507,0.224338411969187,101318.252,0.224218938508019,145289.305,-0.187949562855662,1586.245,-1.16938063483739,101333.886,0.196814055892527,29190.423,-0.585496113632637,36287.429,-0.545464057731264,56948.432,1.04843603517978,751.69,0.0361758882128123,29.513,-0.279273686162657,1.621321553,0.860321241988721,3.032731488,-0.0420475699418472,3.930283289,-0.400367928101638,22.27237351,-0.156030302299788,34.98101882,0.221575733773142,25.48289553,0.102601513568804,3.881043274,3.539686978,-0.505814729952445,-0.0947893603349425,39.11547969,1.20452316127494,51.46620311,0.649178395432597,0.42763826,1.33868715691708,0.376226207,0.736917042085254,1.822885007,1.07791207341784,71,-0.0570093971667548,2001
1347292463,-0.703027708131367,467033857.9,-0.833249153241807,1339650571,-0.693711911919916,40730607.89,0.664890561758907,522468147.4,-0.92720771704931,195360319.6,-0.536687694505554,719204486.3,1.75237603190723,9511037.616,-0.577059051118584,779609858.8,-1.25556051802316,565028415.9,1.77266761361995,0.73085996,-1.14189402102847,7737944.926,0.0390536479409848,140884569.7,0.573627641457233,543589581.7,2.48642407368036,525790878.6,-0.958353368122712,121226498.7,-0.646917915211034,0.821576444,0.203000279123387,0.920931088,-0.347645271736584,0.586698064,-1.85111734504347,0.8753187,-1.08980229997131,1.113558477,-0.137827011152098,0.88906331,-0.907369311620963,53,1.20614153841781,-1.262389078,-0.724260540168697,0.000141411,0.544128185127389,0.00018931,1.05622940345085,9.43e-05,-0.0906626919211704,3.74e-05,-1.1341061911687,0.000169256,1.13881755556602,0.000122413,-0.590797624944985,4.26e-05,-0.950999866491848,2.16e-06,-0.420597464100894,0.034788418,-0.317423477236361,3.713496573,-0.16522876029727,1.860113258,-0.472118646449411,"4X",53.04419998,0.775400709502552,4.61880558,-0.491043643876259,7.666183863,0.113673778338592,190502.785,-0.0515839606066222,0.481775277,2.11237601534124,0.391611831,2.73756516206886,88413.965,-0.205492413756729,126273.54,-0.524363164953364,1522.118,-1.2127623868915,88430.736,-0.222873042847424,23914.708,-0.783451020043606,30603.262,-0.739757700337713,64229.245,1.4285129205007,813.835,0.155620882211764,20.526,-0.306226239619808,1.513770221,0.251975063762105,3.392100896,0.181074921436088,3.930472754,-0.392719126034933,20.43081723,-0.882675946133883,44.38096097,2.43450607449139,27.39050275,0.694502913968415,4.023974083,3.42896955,-1.09410921235905,2.22195927951978,38.08746678,0.655779026742307,62.57822755,2.5120820825226,0.300260799,0.0332683456901437,0.536075437,2.10326452280782,1.311973905,0.0771542151163757,79,0.154904321594515,2002
949400179,-1.52547041197351,454551207.4,-0.8614439500157,934578610.2,-1.56927229910584,32627131.62,-0.0154610164468888,459391547.1,-1.0517812568727,200836581.4,-0.488171629494489,279368063.1,-1.09244464523948,9959934.95,-0.519391823412919,799560349.8,-1.21210569302484,146781525,-1.20356151359517,1.654459591,-0.571355558067028,5212914.469,-0.328130050454165,123678071.1,0.206158269173872,90509281.41,-1.43952643832763,462420115.7,-1.08445218799874,252214962.9,-0.0945505230423712,0.696533498,-0.816358384890582,1.095949534,2.50117433519697,0.812833239,-0.260648319578922,0.964557293,-0.406938934391895,1.112855244,-0.140568747439795,1.017494487,-0.0527248390748932,54,1.34696009366456,-1.241312382,-0.690972331496376,0.000209334,2.38124014478989,0.000214094,1.51587383162347,0.000142412,1.31428432384531,5.38e-05,-0.903188303084802,0.00021185,2.01420975685598,0.00011155,-0.674047481506749,9.87e-05,-0.390023412238263,1.98e-06,-0.436174702016588,0.041610152,0.0541140174017538,4.370422304,0.16330665302774,2.721633951,0.357426398017907,"4X",52.97851026,0.611430974796799,4.550717396,-0.52346787328069,8.150632035,0.510257256356301,198700.0703,0.134206416351085,0.197647943,-0.582705999669369,0.085428836,-0.681504990203637,97316.8811,0.0909737231503778,133067.354,-0.404171763780611,1756.0868,-1.05448309002749,97321.9541,0.0663221946452149,22403.3791,-0.840158967867872,27577.3794,-0.843187059899716,65632.7163,1.50177767820582,604.1574,-0.247387238694416,19.7438,-0.308572104459486,1.625270183,0.882656009258093,3.494097584,0.244401834167786,3.90509557,-1.41720944047979,18.47349753,-1.6549997947407,28.77852312,-1.23861313799609,24.93567776,-0.0671918070847795,3.844994268,3.419826351,-1.14269138790639,-0.679103450508563,37.09432284,0.125647637807091,45.04454326,-0.427397153550164,0.334684276,0.386054891055792,0.301705156,0.0999314882940485,1.474859642,0.396210075656232,82,0.234371966129991,2003
925292516.1,-1.57530091197584,383764929.3,-1.02133024382884,904992234.1,-1.6332230570462,35065882.64,0.189291616870564,390216885.2,-1.18839820290315,128579331.1,-1.12832317467365,405383901.7,-0.277386036202342,10744726.34,-0.418574241394096,624528501.9,-1.59334835615671,299796190.9,-0.114714912577508,0.997772547,-0.977013165708985,6536648.577,-0.135635902860901,98722543.33,-0.326802697367101,279045474.4,0.194143714462866,405284476,-1.1981439980595,115215883,-0.67226417863823,0.888724337,0.750394503983004,0.976285858,0.55337835015809,0.62137849,-1.60720065520115,0.97042087,-0.362070208990162,1.162397709,0.0525854049854418,0.984763167,-0.270535205456077,54,1.34696009366456,-1.307059857,-0.794812879724534,0.000216184,2.56651195144873,0.000253958,2.2551921613795,0.000144879,1.38632465240983,5.06e-05,-0.948245451979221,0.000249759,2.79331580368655,0.000154533,-0.344642290988999,6.37e-05,-0.740008722378645,3.15e-06,-0.334922655564572,0.054559615,0.759390863424917,4.655494217,0.305874091545088,2.23256915,-0.113486588041901,"4X",53.06685997,0.831962870960008,6.327725529,0.322760003173332,7.546379447,0.0155983706370628,199889.6494,0.161168067839538,0.385769127,1.20171231905846,0.296883616,1.6797584981666,97459.8789,0.0957355343228109,131017.9695,-0.44042803965109,1774.2546,-1.04219261963329,97459.9457,0.0708105013187389,19869.7493,-0.935225598635274,25840.2455,-0.902564990408469,68871.6799,1.67085978438762,831.1867,0.188971492918523,33.8179,-0.266363032176044,1.402492622,-0.377448122497306,2.950183327,-0.0932994320396552,3.914746856,-1.02758192984121,22.5273337,-0.0554275059439731,40.42838429,1.50399217136196,25.43531081,0.0878367013420908,3.966622099,3.3886803,-1.30818520656749,1.2923477293258,37.18226559,0.172590694424125,56.64971246,1.51818104497865,0.364508891,0.691710327684419,0.453428321,1.39681958881855,1.538048074,0.519981744798289,68,-0.136477041702231,2004
1141031425,-1.1293689381865,368115999.2,-1.0566767757131,1130520861,-1.14574440880777,34381798.58,0.131857294323159,373674820.2,-1.22106806119034,187898243.3,-0.602796765275021,500140080.7,0.335488030354989,13056668.03,-0.121572549066264,781661730.1,-1.25109126920816,357161935.2,0.293497563844357,0.752129464,-1.12875513518139,9730960.824,0.328873101943701,133144342.8,0.408324032257289,347085653.3,0.78371332280513,376304385.7,-1.25581026274528,263860412.4,-0.0454426370141384,0.756656935,-0.32622800667438,0.969020789,0.435122980590215,0.645661112,-1.43641449533874,0.945800488,-0.550468034966314,1.341733869,0.75177394927763,1.049301874,0.158937220875579,54,1.34696009366456,-1.6299147,-1.30472484052966,0.000126283,0.134961485691641,0.00015975,0.50800920910035,7.8e-05,-0.566648648792506,4.56e-05,-1.01864724712675,0.000157382,0.894783020229653,9.1e-05,-0.831534782652313,4.57e-05,-0.9200011675937,3.01e-06,-0.347038285054557,0.056980398,0.891235882723902,6.470118198,1.21338648068502,3.162587033,0.782013348729364,"4X",53.24256004,1.27053216103585,6.917602502,0.603664929246012,9.599185678,1.6960857412993,144079.0888,-1.10377083725079,0.412375419,1.45408557032517,0.286767269,1.56679174089214,58806.5003,-1.19141776502703,88116.0839,-1.19941816555344,1567.6712,-1.18194576319678,58808.125,-1.18637634767548,17098.6261,-1.03920343551791,22857.0684,-1.00453460975624,55963.0049,0.996994243874496,604.7828,-0.246185196707982,39.2685,-0.250016354989714,1.727421816,1.46045969034275,4.237372097,0.705880350219662,3.936493394,-0.149662710998527,23.23882324,0.225313723900234,40.94282346,1.62510121964976,28.6642433,1.08972516275544,3.954537494,3.390655577,-1.29768961810128,1.09646979095262,38.95462529,1.11866051533428,58.07190316,1.75660783328178,0.408155703,1.13902156302837,0.445840272,1.33195902217866,1.867194377,1.16470398310684,97,0.631710188807372,2005
1186803526,-1.03475807986944,374093611.7,-1.04317503026004,1160744297,-1.08041665007081,28772481.02,-0.33908973229206,379279172.3,-1.20999970975425,262297681.4,0.0563331498883347,407657977.9,-0.262677524915123,9180342.974,-0.619541466978193,890095821.2,-1.01490738518228,292033470,-0.169954142208854,0.930385747,-1.01864025173788,5190514.718,-0.331387366971876,112348290.3,-0.0358053944086822,282355963.1,0.222829169995678,379357268.2,-1.24973546006257,380391182.8,0.44595787024712,0.77895706,-0.144435859620004,0.861721819,-1.31140955084236,0.884925377,0.246394923333269,0.909009629,-0.831995667291239,1.422913433,1.06827353965268,1.075382877,0.332493093935961,52,1.06532298317106,-1.703318773,-1.42065810157885,0.000114678,-0.17891870646541,0.000157477,0.465854117701206,7.08e-05,-0.776900114404384,5.88e-05,-0.832786507937272,0.000155326,0.852528093107238,4.76e-05,-1.16413570088674,4.35e-05,-0.942000244231095,2.49e-06,-0.392039194588786,0.052719917,0.659193936102516,6.535591304,1.2461302642306,3.641887694,1.24352459433616,"4X",53.16215289,1.0698258853211,3.316975696,-1.11098719831676,7.984191505,0.374004158325186,136091.9072,-1.28479924189759,0.310700973,0.489655408175519,0.224804154,0.874864885064216,58911.2696,-1.18792895874282,82151.0197,-1.30494790544379,1690.5942,-1.09878866700098,58912.0633,-1.18299565663686,12494.6503,-1.21195340374162,17740.5053,-1.17942667086647,53940.8875,0.891434592343104,948.2722,0.41401416481271,22.8602,-0.299225833446482,1.763436619,1.66417141903277,4.577412508,0.917002003823234,3.926038008,-0.571752163113566,20.07860767,-1.02165162951116,35.26996505,0.289599331046361,28.28224426,0.971196691927309,3.897268063,3.383545246,-1.33547019674139,0.168196332607434,38.58403847,0.92084457174841,52.85430527,0.881890323478139,0.402549018,1.08156185225878,0.362274436,0.617661121005946,1.877262826,1.18442576918315,106,0.870113122413801,2006
1296705585,-0.807590702676022,372011962.1,-1.04787689124913,1284280490,-0.813393978936183,43915956.37,0.932326017024753,381854033.2,-1.20491447156227,178970808.3,-0.68188794693512,652415454.9,1.32039084943651,37987259.75,3.08111546144936,801825970,-1.20717087065361,489841777,1.23764232224226,0.592321209,-1.22747405311506,33834874.64,3.83400477123541,125569708.6,0.246556891861271,448186981.8,1.65975850096717,386756216.8,-1.23501260295801,289516739,0.0627479452880663,0.666713816,-1.0594504758658,0.933372914,-0.145126516342906,0.711360279,-0.97433472330715,0.971693903,-0.352328822784379,1.113181147,-0.139298130046457,1.004190816,-0.141254035414202,52,1.06532298317106,-1.384229641,-0.916693646662102,0.000119375,-0.051879045753504,0.000209335,1.42761334769539,8.32e-05,-0.414800368072816,4.48e-05,-1.02991153435036,0.000203939,1.85162282666851,9.85e-05,-0.774057665445903,3.56e-05,-1.02099692851992,6.19e-07,-0.55395592870137,0.053229309,0.686937355512991,7.387517042,1.67218721595022,3.887762245,1.48027342347041,"4X",52.95848052,0.561434245414716,3.278244552,-1.12943133097497,9.052860684,1.24884808251312,154758.0709,-0.861733133636442,0.436961439,1.68729558708016,0.35511614,2.3300267624113,77875.0503,-0.556437125939574,106854.6073,-0.867909327755642,1967.4769,-0.911478226165248,77875.0626,-0.566206255628216,17630.2371,-1.01925637511907,23216.1927,-0.992259184281318,47903.4636,0.57626576830188,620.8243,-0.215352838976319,23.5181,-0.297252751781915,1.621703139,0.862479619578734,5.214282885,1.31241714500588,3.9109759,-1.17981741421165,20.65485285,-0.79427543993992,43.46214729,2.21819935286556,29.06545917,1.21421632258422,4.006008387,3.466302888,-0.895739387915328,1.93075543016604,38.82007099,1.04683662851057,61.25208613,2.28975772081333,0.416988955,1.22954851524253,0.505791962,1.84440966455311,1.99979169,1.42443175659806,121,1.26745134509118,2007
1961944703,0.567457472195046,660708944.4,-0.395791603338155,1945163100,0.615099449128432,38853570.75,0.507298296661808,665718840.7,-0.644293833586002,188218133.7,-0.59996274747061,406985516.6,-0.267026941447985,11885588.14,-0.272014366299592,1667922593,0.679302859948196,287234087.2,-0.204106369500438,1.635731036,-0.582924814511641,7099605.983,-0.0537720260110306,106059756.5,-0.17010602243237,260971242.7,0.0375301094322606,665719790.1,-0.679914703362883,904448163.5,2.65586230377847,0.664979361,-1.07358987187453,0.978721563,0.593024937813805,0.772100916,-0.547129615851018,0.849129354,-1.2902060081728,1.472582382,1.2619208227652,1.091879659,0.4422708276641,50,0.783685872677562,-1.561651009,-1.19691021954965,6.61e-05,-1.49280685593591,8.69e-05,-0.843067961347342,4.27e-05,-1.59746486213963,4.44e-05,-1.03554367796216,8.63e-05,-0.566094766596972,8.42e-05,-0.883647368919458,4.93e-05,-0.884002678550689,6.15e-07,-0.554302089543941,0.03654055,-0.221995726234157,5.969514836,0.96302951537602,3.53346686,1.13912783835283,"4X",53.06473762,0.826665220635835,2.892355958,-1.31319508499738,10.09919501,2.10540804115901,129760.1502,-1.42830766899047,0.221420017,-0.357216645319178,0.118429056,-0.312999654953304,57437.8837,-1.23699254881152,83112.2489,-1.28794251136086,1725.0931,-1.07545024908124,57437.8837,-1.23094473568699,15856.7932,-1.08579937853181,20069.3583,-1.09982286392959,46647.9013,0.51072223514008,719.1956,-0.02627955330299,7.3112,-0.345858219526958,1.756103669,1.62269380992583,5.769123122,1.65690204895231,3.927071805,-0.530017232492327,19.07227844,-1.41873140338721,30.31554491,-0.876768128829079,32.06229315,2.14408815936996,3.88043181,3.465761735,-0.898614791813237,-0.104700508254912,37.06371264,0.109308185701504,47.71652642,0.0205542802757331,0.363144834,0.677730886946582,0.211931704,-0.667427415943201,1.786665657,1.00696666042294,137,1.69127878261372,2008
2148058032,0.95215342051814,584636029.4,-0.567618923058644,2125069473,1.00396589471011,53423442.46,1.73055543740919,600501951.7,-0.773094350423609,283124715.7,0.240846927167296,430915834.6,-0.112247892087308,24446797.88,1.34165113685799,1874825523,1.12996498223838,265870305,-0.356130239215999,1.393725771,-0.732419581819183,19194296.62,1.705008042058,137780907.4,0.507344496717923,234189160.1,-0.194537210265398,600715147.8,-0.809264711243151,1132653919,3.6181868780322,0.605986473,-1.55450393717499,1.015847924,1.19734012611626,0.949130602,0.697967402650042,0.898608228,-0.911588312746789,1.528562488,1.48017378872289,1.201214512,1.16983893033038,53,1.20614153841781,-1.548262282,-1.17576427057203,5.56e-05,-1.77680013621588,9.08e-05,-0.770738504041289,3.72e-05,-1.75807362059315,3.44e-05,-1.17634726825722,8.84e-05,-0.522935551150925,5.84e-05,-1.08136865210951,4.54e-05,-0.923001041680617,4.79e-07,-0.566071558191355,0.031190208,-0.513395634547364,5.210678116,0.583527352974964,3.151257789,0.77110459367087,"4X",52.92723171,0.483433317939754,2.996517049,-1.26359260023145,7.179939971,-0.284379728723104,119474.7583,-1.66142470326751,0.172955891,-0.816921780045173,0.098913791,-0.530921816421442,53102.5642,-1.38135821619359,79039.0677,-1.36000238165735,1835.9213,-1.00047525425841,53102.5677,-1.37195496916958,16522.2972,-1.06082839696132,19551.5137,-1.11752359538911,40435.6906,0.186429097297745,741.9093,0.0173770201975971,11.7031,-0.332686647308369,1.60101824,0.745478937024159,5.710583764,1.62055658628949,3.922902585,-0.698330844782399,20.37221691,-0.905798599358081,28.29847611,-1.35162559875895,33.61637315,2.62629546006,3.868345201,3.507441564,-0.677149988382734,-0.300610929227947,38.70201069,0.983817091969769,46.99140569,-0.101010434488555,0.336011799,0.399659915704041,0.207772903,-0.702975708976433,1.650710004,0.74066066787816,136,1.66478956776856,2009
2759984514,2.2170044634921,448090108.1,-0.876037756170846,2744696592,2.34328584949317,84588926.92,4.34714686452387,1916284903,1.8255197014296,467649547.9,1.87561514719124,609696419.8,1.0440881424527,26352971.79,1.58652620424827,2314505007,2.08764542391649,439759145.1,0.881256199424645,3.158855684,0.357960355210358,22154362.79,2.1354535603613,144550201.4,0.651912446003173,87425134.14,-1.46625064051875,1926452398,1.82876416935781,563497604.1,1.21810232617714,0.674776145,-0.993725817409008,0.9530604,0.175331683406108,0.846548111,-0.0235226286575423,0.696315226,-2.45955624382883,0.707480225,-1.72102842398817,0.710346739,-2.09663762734727,50,0.783685872677562,-1.601692429,-1.26015102088284,4.62e-05,-2.03104173951414,0.000124256,-0.150263036443513,2.88e-05,-2.00336699714034,2.84e-05,-1.26082942243425,2.91e-05,-1.74166958731787,2.89e-05,-1.30744531312139,2.76e-05,-1.10099357083773,2.4e-07,-0.586754668534972,0.04080906,0.0104835101649375,7.529449543,1.74316914081607,4.886471508,2.44191523511434,"4X",52.90835785,0.436321809212463,3.314983705,-1.11193580304318,9.131254029,1.31302317328741,127522.1811,-1.47903093986512,0.547600736,2.73676159691544,0.029082911,-1.31070606771509,55677.9428,-1.29559838918418,78944.1821,-1.36168103126641,2405.4697,-0.615177213314398,55678.2266,-1.2881792391281,13531.3106,-1.17305592867588,16832.2986,-1.21047058424596,48577.999,0.611478225189689,577.3586,-0.298895525848316,6.3315,-0.348796398743824,1.573159754,0.587902055602741,6.726931335,2.25157858509978,3.901893178,-1.5464916960309,22.11470568,-0.218243248537997,34.11850028,0.0185219898096201,27.9845469,0.878825745522909,3.730804174,3.455927574,-0.950868377900861,-2.52999722778638,36.93250616,0.0392713353737477,43.23676484,-0.730466778913563,0.397296061,1.02772729763246,0.22278235,-0.574679062846271,2.018821937,1.46170765284717,161,2.32701993889753,2010
1256212621,-0.891289593400786,441570894.1,-0.890762827088719,1233433229,-0.923300000178875,32181087.72,-0.0529099656636019,451426710.2,-1.06751146303521,305291397.9,0.437229100622704,381644027,-0.430933316184479,7763537.38,-0.801550235165395,980086793.1,-0.818895069728794,266814216.1,-0.349413403369888,1.276379076,-0.80490857028534,4810493.799,-0.386649071288793,105396313.5,-0.184274796011661,223185322.3,-0.289885700626404,488523117.8,-1.03251092030049,410671306.9,0.573646619678694,0.775348278,-0.173854897765807,0.941047796,-0.0202005166999803,0.956813557,0.752003675209311,0.968704294,-0.375205634205044,1.320142273,0.667593510841874,1.062225769,0.244939200173144,47,0.361230206937314,-1.770424604,-1.52664401632836,0.00010326,-0.487741113535569,0.000114185,-0.337039950425375,5.89e-05,-1.1243990645129,6.83e-05,-0.699023097156964,0.000111692,-0.0442381958321981,3.65e-05,-1.24920183435223,3.8e-05,-0.996997935824584,8.68e-06,0.143644709289831,0.0498155,0.501008375720896,8.422509554,2.18979777171365,3.987203553,1.5760239317716,"4X",53.17011918,1.08971073880942,2.811960103,-1.35148034232904,10.01652247,2.03772987588819,129590.7054,-1.43214811276098,0.249629355,-0.0896377452927714,0.163641206,0.191873297200903,50420.7865,-1.47066112164977,72632.8004,-1.47333757792181,2198.3105,-0.755319884110292,50420.7865,-1.45918242690535,11157.5554,-1.26212375900002,14483.9432,-1.29074101345758,56961.9867,1.04914362486207,816.7389,0.161202285672598,67.3857,-0.165691181287098,1.796467562,1.85100544110951,6.42081795,2.06152128031848,3.920750543,-0.785209916364123,20.38955028,-0.898959157120961,30.3589401,-0.866552051851176,26.98128975,0.567530366778262,3.870767107,3.37566,-1.37736826823758,-0.261354540275753,37.95343324,0.584233116968038,49.08120986,0.249340117259248,0.425276977,1.31448771674429,0.308090038,0.154507712623755,2.130907831,1.68125825330612,150,2.03563857560079,2011
1524331978,-0.337087318587394,577026677.8,-0.584806308217196,1499399481,-0.34841569043894,46365127.02,1.1379534615317,578472378.3,-0.816601798925668,202787518.2,-0.470887617137505,321671679.3,-0.818828828685982,18372266.13,0.561291399563256,1302569804,-0.116484146429042,213227183.2,-0.730736711750791,1.837825062,-0.458084557870471,12173237.68,0.684022975880829,95415276.92,-0.397434098903759,136158860.5,-1.04397185719351,591624352.8,-0.827354102450952,663526846.1,1.63991726905474,0.643044033,-1.2524081687882,1.021107656,1.28295411704849,0.881539836,0.222583510115753,0.969587275,-0.368448968090837,1.262726671,0.443743891322644,1.089807379,0.428480853228471,48,0.502048762184064,-1.781834298,-1.54466431110129,8.2e-05,-1.06275988865482,8.03e-05,-0.965471658326818,4.56e-05,-1.51278024404596,3.59e-05,-1.15522672971296,8.01e-05,-0.693517212199587,5.24e-05,-1.12735034587464,4.16e-05,-0.960999446781573,8.35e-06,0.115086439777723,0.038836585,-0.0969449559312657,6.825487716,1.3911104850432,4.597779094,2.16393774327364,"4X",53.35499799,1.55119130880446,2.836361023,-1.33986039623444,9.573471696,1.67503552167901,124947.0824,-1.53739520811577,0.150834449,-1.02675410994097,0.086662597,-0.667727884750286,46312.8726,-1.60745420730852,68414.9046,-1.54795763761179,1662.7818,-1.11760368471318,46312.8726,-1.59279619304498,10618.8778,-1.28233597173208,13395.4542,-1.32794725541828,56532.1778,1.02670651131511,852.9536,0.230808281716911,153.3458,0.0921083280521752,1.616271604,0.831757047410551,6.376422407,2.03395731983735,3.916427442,-0.959735785856461,20.165844,-0.987229711556762,27.26351823,-1.59527493802828,29.42578831,1.32602095423726,3.854008499,3.386552567,-1.31949086644909,-0.532992842482931,38.03572613,0.628160328642099,44.87844322,-0.455243418523082,0.382809782,0.879265701971662,0.213780027,-0.651628456670068,1.920663799,1.26943833715761,151,2.06212779044594,2012
1321989582,-0.755328722002337,394614650.1,-0.996823775990983,1295538400,-0.789060080290033,39441454.73,0.556655853871622,394629205.1,-1.17968406317206,318903161,0.557820337417632,658386316.7,1.35900982279357,15400286.72,0.17949850307655,825760388.9,-1.15503852039035,490682645.9,1.24362591367306,0.635226106,-1.20097025951631,9951035.246,0.360875781344306,150462265.5,0.778173025463889,342932363.1,0.747724974212681,421932840.9,-1.16501611588348,369319407.3,0.399269119470761,0.55850422,-1.94158251722103,0.96126528,0.308884594832009,0.78176047,-0.479191395108481,1.034987692,0.132002096426922,0.919676198,-0.893727374012894,0.970502681,-0.365431521291605,47,0.361230206937314,-1.843898016,-1.64268679032498,9.59e-05,-0.68680687952229,0.000135199,0.0526860023513959,5.34e-05,-1.28500782296642,6.76e-05,-0.708879348477619,0.000135194,0.438775081031133,2.52e-05,-1.33580069094322,1.75e-05,-1.20198933176395,6.33e-06,-0.0597247857206297,0.045116807,0.245099742330375,7.406586627,1.68172411440657,4.387533822,1.96149579971108,"4X",53.1257957,0.979073804189572,6.135188551,0.231072095275718,8.044781611,0.423604995648485,126491.7159,-1.50238629605234,0.34691978,0.833207906193328,0.253840831,1.19911031107776,53351.3893,-1.37307236745212,68994.9096,-1.53769659519332,2666.4345,-0.43863519125737,53351.3893,-1.36386181242818,8035.2854,-1.37927729470841,11510.9551,-1.39236235698507,57498.8651,1.0771700375811,577.2556,-0.299093495666996,97.4547,-0.0755124420077976,1.752277423,1.60105128734828,6.143173997,1.88913985571659,3.899273455,-1.65225129646681,20.26084425,-0.949744287638221,37.52032293,0.81937761591872,25.86203802,0.220243640537686,3.957327833,3.354262673,-1.49106246832639,1.141698066985,42.12546026,2.81122397872353,55.97987546,1.40588451217429,0.403472169,1.09102269934697,0.498655634,1.7834102854231,2.002369689,1.42948146631829,143,1.85021407168467,2013
1836321002,0.307793486559435,630185192.1,-0.464736175075956,1804860884,0.311837129215215,25166136.62,-0.641871158724698,640704062.4,-0.693696931817477,747611261.4,4.35589114363378,929478861.6,3.11241094301222,27802610.75,1.77275288385989,1056387429,-0.652702128397393,774679946.4,3.2645400105591,0.698761111,-1.16172255642044,25488092.31,2.6202362809852,130194059.3,0.345316511029062,164247723.1,-0.800581260790155,651515383,-0.70817945654528,832894815.4,2.35412782256044,0.644482211,-1.24068404318503,0.958952488,0.271238693231677,0.631708667,-1.53454576395715,1.001012929,-0.127976464720304,0.757409583,-1.52636586883218,0.857683937,-1.11618315505721,50,0.783685872677562,-1.975547468,-1.85061190485777,7.11e-05,-1.3575719605645,7.49e-05,-1.06562013767366,3.34e-05,-1.86903967188831,9.93e-05,-0.262531967242278,7.37e-05,-0.825050059273254,8.24e-06,-1.46577561198598,1.01e-05,-1.27598622590792,1.93e-06,-0.440501712548726,0.027721104,-0.70233618966122,4.853233469,0.404765554949188,3.031385518,0.655681424865923,"4X",53.1219958,0.969588779821865,4.272926145,-0.655754662556311,8.366349288,0.68684972466923,130467.5642,-1.41227422512276,0.163582572,-0.905832139714607,0.094114226,-0.584517377583785,47211.6382,-1.57752541067334,60229.7883,-1.69276298507331,2497.9624,-0.552606137508335,47211.6776,-1.56356171442674,6161.4932,-1.44958555805937,9386.6116,-1.46497571207515,70179.1447,1.73911275954997,669.8472,-0.12112900767354,53.5937,-0.207054218705706,1.725159329,1.44766230983483,5.850146346,1.70720711999039,3.903620222,-1.47677001806143,20.35270046,-0.913499446478325,28.64885698,-1.26913908494245,20.33808321,-1.49375521284428,3.957326738,3.283647572,-1.86627416754402,1.14168031825903,38.69339222,0.979216629451115,45.62772233,-0.329628610508989,0.319659952,0.232079179641916,0.509938223,1.87985076909748,1.579645177,0.601460944500286,140,1.7707464271492,2014
1325037414,-0.749028858215743,466103779.2,-0.835349939443442,1289003096,-0.803186097033618,47454110.34,1.22938231202944,467459255.5,-1.03584788397576,244641798.8,-0.100086316406965,368579721.7,-0.51543201590471,21367065.93,0.946015898727874,1166865751,-0.41206563736472,152026191.2,-1.16624066639563,1.269356453,-0.809246680000736,16297199.02,1.28371925782545,190341568.4,1.62985254169975,90906187.55,-1.43608723811841,472248573.6,-1.06489495236396,518179642.9,1.02700027608955,0.710194522,-0.704992781158702,0.995503346,0.866186273332144,0.963542594,0.799330787940468,0.954563452,-0.483412886646224,1.331456198,0.711703782585067,1.072763953,0.315065480385255,49,0.642867317430813,-1.960778972,-1.82728676999677,0.000100371,-0.565879836081172,0.000105214,-0.503416248243993,4.84e-05,-1.43101578519689,5.2e-05,-0.928532949337913,0.00010491,-0.183621909715575,2.51e-05,-1.33656705250597,2.48e-05,-1.12899239564896,1.01e-06,-0.520118706340055,0.03595488,-0.253893534692345,6.033683135,0.995120751324773,3.118748442,0.739801842707558,"4X",53.23070645,1.24094412187827,3.734737792,-0.912044984831092,9.061694373,1.25607959933954,132615.7761,-1.3635852892032,0.145051402,-1.08160904326344,0.06638867,-0.89412183806259,49040.8689,-1.51661222750396,62252.6257,-1.65697636191132,2467.7506,-0.573044343204975,49040.9866,-1.50406171737882,6129.0762,-1.45080190583425,9122.5571,-1.47400150435952,70362.413,1.74867982913987,741.1394,0.0158972438538881,21.5893,-0.303037338975434,1.582634367,0.641493624405684,6.054704288,1.83421146881404,3.90113217,-1.57721399071951,20.36227134,-0.909722945952553,28.64384481,-1.27031904784955,29.24697259,1.2705371659753,3.822133822,3.282968811,-1.86988074835416,-1.04964572580607,38.92123023,1.10083452976629,45.5477505,-0.343035691979585,0.363193541,0.678230057157224,0.279385812,-0.0908481572868544,1.797357626,1.02790977940309,141,1.79723564199436,2015
