Biomass,Biomass_s,BiomassClupeids,BiomassClupeids_s,BiomassFinfish,BiomassFinfish_s,BiomassFlatfish,BiomassFlatfish_s,BiomassForage,BiomassForage_s,BiomassGadoids,BiomassGadoids_s,BiomassGroundfish,BiomassGroundfish_s,BiomassSkates,BiomassSkates_s,BiomassTL3,BiomassTL3_s,BiomassTL4,BiomassTL4_s,BPelagicToDemersal,BPelagicToDemersal_s,BTGLargeBenthivore,BTGLargeBenthivore_s,BTGMediumBenthivore,BTGMediumBenthivore_s,BTGPiscivore,BTGPiscivore_s,BTGPlanktivore,BTGPlanktivore_s,BTGZoopiscivore,BTGZoopiscivore_s,CCLargeBenthivore,CCLargeBenthivore_s,CCMediumBenthivore,CCMediumBenthivore_s,CCPiscivore,CCPiscivore_s,CCZoopiscivore,CCZoopiscivore_s,CommunityCondition,CommunityCondition_s,DiversityTargetSpp.L,DiversityTargetSpp.L_s,FishinginBalance.L,FishinginBalance.L_s,FishingPressure.L,FishingPressure.L_s,FPClupeids.L,FPClupeids.L_s,FPFinfish.L,FPFinfish.L_s,FPFlatfish.L,FPFlatfish.L_s,FPForageFish.L,FPForageFish.L_s,FPGadoids.L,FPGadoids.L_s,FPGroundfish.L,FPGroundfish.L_s,FPSkates.L,FPSkates.L_s,Heips,Heips_s,HillN1Diversity,HillN1Diversity_s,HillN2Dominance,HillN2Dominance_s,ID,Intrinsicvulnerabilityindex.L,Intrinsicvulnerabilityindex.L_s,InverseCVBiomass,InverseCVBiomass_s,KemptonQ,KemptonQ_s,Landings.L,Landings.L_s,LargeFishIndicator,LargeFishIndicator_s,LargeSpeciesIndicator,LargeSpeciesIndicator_s,LClupeids.L,LClupeids.L_s,LFinfish.L,LFinfish.L_s,LFlatfish.L,LFlatfish.L_s,LForageFish.L,LForageFish.L_s,LGadoids.L,LGadoids.L_s,LGroundfish.L,LGroundfish.L_s,LInvertebrates.L,LInvertebrates.L_s,LLargePelagic.L,LLargePelagic.L_s,LSkates.L,LSkates.L_s,MargalefGroundfish,MargalefGroundfish_s,MargalefRichness,MargalefRichness_s,MarineTrophicIndex.L,MarineTrophicIndex.L_s,MeanLengthAbundance,MeanLengthAbundance_s,MeanLengthBiomass,MeanLengthBiomass_s,MeanLifespan,MeanLifespan_s,MeanTrophicLevel,MeanTrophicLevel.L,MeanTrophicLevel.L_s,MeanTrophicLevel_s,MMLengthAbundance,MMLengthAbundance_s,MMLengthBiomass,MMLengthBiomass_s,PielouEvenness,PielouEvenness_s,PropPredatoryFish,PropPredatoryFish_s,ShannonDiversity,ShannonDiversity_s,SpeciesRichness,SpeciesRichness_s,YEAR
365765200.3,0.577494909,285074513.9,0.588914567,365715951.5,0.583682027,11356244.78,-0.448490705,285074514,0.551973573,26776382.96,-0.004445215,41061982.46,-0.146576387,2085655.121,0.406298584,340275053,0.572953617,25480446.88,-0.067323242,6.942541418,0.574452517,393925.5542,-0.378012032,13697961.81,-0.257877714,27862376.69,-0.030966836,285074513.9,0.551873332,38014558.58,0.284911976,0.881143799,-0.138002453,0.673842795,-0.433711295,0.868225738,-0.12262243,1.383520929,-0.312572022,1.104750989,0.482984707,24,-1.01915758,0.30563444,1.09608781,0.000140842,-0.380487219,2.58E-05,-0.44539144,0.000138698,-0.258306756,0.000388333,2.16158618,2.58E-05,-0.439486327,0.00119,1.068961323,0.000884784,2.257635254,4.79E-06,-0.234930291,0.06243101,-0.844446338,2.87,-0.991927283,1.856694623,-0.997772288,4VN,51.39796924,-0.948826308,1.712812303,-0.235382387,5.269014017,-0.026261978,51515,1.266145903,0.160343585,-0.803363182,0.063331759,-0.643137638,7342,0.695102154,50724,1.318324158,4410,1.721308841,7354,0.695518648,31735,1.603134953,36331,1.631763361,791,-1.622414158,33,1.188132759,10,-0.20597111,1.055396493,-0.368013788,1.447227607,-0.622291523,4.14332555,1.150064279,30.1513724,1.142904522,34.40542972,-0.111968279,23.56883183,-0.81740834,3.87772429,4.084178069,1.093003496,0.186712324,38.17193309,-0.317778942,39.17787096,-0.86182644,0.307319876,-1.000664615,0.116560593,-1.039457875,1.055332523,-1.070317452,31,-0.601185975,1970
263962080,0.202491706,100032277.9,-0.097134003,263782539.1,0.208786964,17362506.81,0.274388881,100032278,-0.133246832,53805308.42,1.080741152,80142078.55,1.361901555,6505172.334,3.860554874,211015434,0.091713008,52944505.31,1.073969417,1.248186717,-0.43179249,539290.4993,-0.168979141,17840868.91,0.229046645,60728984.62,1.313118368,100032277.9,-0.133389017,83227322.07,2.098972175,0.878289596,-0.160181668,1.239247704,1.78973322,0.941288633,1.011548541,1.509053734,0.480773551,1.374366575,1.666672753,21,-1.767262612,0.235408637,1.054579339,0.000204154,-0.056997196,0.000114133,-0.423771829,0.000201348,0.054796754,0.000279741,1.246552165,0.000114133,-0.417571598,0.000514187,0.082576139,0.000409585,0.542593517,1.38E-06,-0.4278057,0.24299711,1.595511875,6.831930628,0.200158259,4.615893763,0.393188796,4VN,51.63888837,-0.823083372,2.704145265,0.483352685,2.845275052,-1.57571992,53889,1.388006147,0.456391525,0.355221312,0.192084197,0.070322072,11417,1.608402235,53112,1.435020511,4857,2.015668181,11417,1.605421553,27666,1.278168515,32825,1.380507623,777,-1.632242205,0,-0.727815672,9,-0.234509164,0.83248424,-1.337159478,1.175077762,-0.822576108,4.088710718,0.607666225,28.22461339,0.788510207,37.88700877,0.362702642,30.65903526,0.449508337,3.900632532,4.034112969,0.942603274,0.420317853,44.04399482,0.224628071,50.60467015,-0.044261429,0.596980874,1.067051604,0.304440044,-0.301373242,1.921607303,0.438488466,25,-0.803536376,1971
186734471.1,-0.081984845,90963460,-0.130756865,186679743.6,-0.074784994,24767564.24,1.165619537,90963460,-0.166829106,13925491.45,-0.520396627,42784758.87,-0.080077824,1762484.176,0.153710979,172390250,-0.052090658,14298009.27,-0.532019092,2.126071583,-0.276662135,1915081.348,1.80939012,26969136.47,1.301910633,15671708.66,-0.529506161,90963460,-0.166973347,50827682.69,0.799009693,1.025724597,0.985494596,0.718724013,-0.257216722,0.803557005,-1.126489026,1.224521187,-1.317422838,1.033732781,0.171194855,24,-1.01915758,0.454558367,1.1841125,0.000319309,0.531382474,0.000137077,-0.418159135,0.00031418,0.618692927,0.000152619,0.175377917,0.000137099,-0.411874119,0.002558545,3.066425874,0.000925,2.402778907,4.54E-06,-0.249383154,0.119794258,-0.069306774,3.515679424,-0.797652022,2.916566126,-0.463472319,4VN,51.69407311,-0.794280797,1.68340641,-0.256702214,3.542813001,-1.129794954,59626,1.682493179,0.479529221,0.445770755,0.053022023,-0.700267284,12469,1.844179335,58651,1.705699364,3780,1.306439973,12471,1.84146331,35629,1.914125198,39578,1.864457994,975,-1.493245544,3,-0.553638542,8,-0.263047218,0.733827823,-1.766083596,1.027234291,-0.931379287,4.136674197,1.084007481,25.19015117,0.230372861,35.15748735,-0.009434377,29.35671354,0.216802305,3.846940324,4.085352937,1.096532909,-0.127205463,42.03745664,0.039282543,43.29759845,-0.567068039,0.406734239,-0.291005075,0.240432931,-0.552825257,1.257232799,-0.718664214,22,-0.904711577,1972
541523903.6,1.224921788,490957582.3,1.352231028,541523903.6,1.230276031,11660607.34,-0.411859356,491458695,1.316224238,22159265,-0.189818232,37215843.83,-0.295035983,2629040.163,0.831003616,519533537,1.240342727,21990366.08,-0.212356563,13.20563083,1.681198195,317436.5905,-0.488002162,14556871.37,-0.156928314,24675127.8,-0.161309891,491458694.6,1.316170778,10455630.69,-0.820827871,0.99526351,0.748789987,0.905872883,0.478742803,0.931638302,0.861744386,1.464303037,0.197956901,0.920738703,-0.32488084,25,-0.769789236,0.488120732,1.203950257,0.000129714,-0.437345271,4.64E-05,-0.440329325,0.000128391,-0.309817656,0.000336,1.720610094,4.64E-05,-0.434371819,0.00142586,1.413211595,0.000959,2.52548838,2.13E-05,0.698353391,0.050524363,-1.005338782,1.96,-1.265732643,1.353283081,-1.251550949,4VN,52.10727539,-0.578618106,1.251396672,-0.569917412,2.467631296,-1.817141593,70243,2.227476414,0.927867629,2.200344449,0.035495117,-0.797389649,22804,4.160487639,69527,2.237185769,3913,1.3940234,22810,4.156867232,31596,1.592033863,35691,1.585898081,716,-1.675064409,4,-0.495579499,56,1.106779379,0.756763247,-1.666368272,0.906691144,-1.020091203,4.067373312,0.395757353,35.1178071,2.056395111,37.66912771,0.332997212,20.9345383,-1.288118446,3.872421331,4.028761511,0.926526996,0.132635694,35.41061368,-0.572844212,36.37199199,-1.062581562,0.224628064,-1.590951889,0.073140696,-1.210032989,0.67292554,-1.736362374,20,-0.97216171,1973
93513179.83,-0.425375918,904005.5138,-0.464654473,93504215.17,-0.417469937,47838651.51,3.942324572,904006,-0.500323647,7945621.996,-0.760482857,63193165.35,0.707679476,5890817.823,3.380380721,85100193,-0.3770763,8379310.001,-0.77797575,0.014305432,-0.649830696,3392712.296,3.934204112,48140952.23,3.790277514,11300228.27,-0.708278553,904005.5138,-0.500488304,29271863.13,-0.065868968,0.771477168,-0.99019125,0.7100685,-0.29125437,0.929722089,0.831998601,1.542881819,0.694561186,0.968590154,-0.114799549,24,-1.01915758,0.229497002,1.05108514,0.000584527,1.886502782,0.013821818,2.929481394,0.000574958,1.921973168,0.000105187,-0.224300636,0.013837305,2.986917082,0.00335,4.221596735,0.000503551,0.881726411,9.85E-06,0.050676169,0.144815822,0.268805256,4.765211379,-0.421686586,3.67659125,-0.080330212,4VN,51.66156994,-0.811245179,0.96856617,-0.774974854,5.452593837,0.091097694,54661,1.427633825,0.586532456,0.864528233,0.097255699,-0.455153901,12495,1.850006526,53761,1.466735726,5032,2.130909533,12509,1.849973355,26607,1.193592586,31821,1.308556464,900,-1.545895794,0,-0.727815672,58,1.163855487,1.040690266,-0.431951397,1.321529399,-0.714797229,4.086572117,0.586427068,27.48003073,0.651556981,39.10068502,0.528172625,34.5739633,1.149049285,3.613874412,4.025368131,0.916332966,-2.503882187,49.268593,0.707228361,56.06272592,0.346251727,0.473731547,0.187248544,0.675318381,1.155622719,1.561341897,-0.188992085,27,-0.736086242,1974
84260382.57,-0.459459634,36360697.92,-0.333197927,84127242.97,-0.451956966,18499932.69,0.411283,36360698,-0.369025791,13579571.58,-0.53428499,36226530.85,-0.333223115,3439749.439,1.464646949,70808792,-0.430283965,13396115.96,-0.569498047,1.003703558,-0.47499492,288153.3901,-0.530111022,18815728.8,0.343623925,16868656.5,-0.480556787,36360697.92,-0.369182409,11503386.09,-0.778789048,1.028167953,1.004481234,0.767951705,-0.063629719,0.916127231,0.620962708,1.39742914,-0.224674539,0.916076176,-0.345350642,22,-1.517894268,-0.122929144,0.842776086,0.000473022,1.316772636,0.000195953,-0.403756547,0.000462193,1.358411839,0.000190109,0.491281715,0.000197053,-0.397000538,0.00133,1.273298803,0.000600913,1.233115815,1.92E-05,0.57887315,0.194817799,0.944473249,5.091173773,-0.323609387,3.311003278,-0.264629575,4VN,51.90515135,-0.684112718,0.855228824,-0.857146565,3.089576153,-1.419542094,39857,0.6677269,0.42477942,0.231507245,0.147491537,-0.17678056,7125,0.646467524,38883,0.739680307,3517,1.133248683,7165,0.653192374,18062,0.511155081,21769,0.588184906,974,-1.493947547,0,-0.727815672,66,1.39215992,0.915835136,-0.974778494,1.084172977,-0.889476118,4.06683812,0.390442183,29.51868458,1.026532435,37.92772374,0.368253633,26.99798197,-0.204668869,3.820611339,4.009484367,0.86861666,-0.395693829,45.76486794,0.38358649,50.31011967,-0.065335937,0.52652412,0.564103074,0.431526192,0.197884832,1.627508408,-0.073748717,22,-0.904711577,1975
62954286.25,-0.537943028,53417373.07,-0.269959891,61926735.91,-0.53360694,19149770.52,0.48949379,53464601,-0.305689206,23426482.24,-0.138940632,46232233.76,0.052993492,2791536.113,0.95800904,93528323,-0.345697912,22758853.26,-0.180421415,1.4241,-0.40070699,647166.6492,-0.013854647,22501343.67,0.776801792,25625652.14,-0.122438046,53464601,-0.305841947,12991529.55,-0.719080647,0.828304141,-0.548604695,0.953048645,0.664260629,0.843402222,-0.507963187,1.538796417,0.668742153,0.993060973,-0.00736579,27,-0.271052548,0.087847494,0.967360151,0.000762315,2.794903152,0.0034,0.38003597,0.000757976,2.836635231,0.000226948,0.80169996,0.0035,0.422405185,0.000976,0.756616888,0.000596575,1.21745953,5.91E-05,2.83604382,0.183759116,0.795039195,4.307664083,-0.559355709,2.538251767,-0.654187278,4VN,51.19789936,-1.053248793,5.255215712,2.332926816,2.379632431,-1.873397874,47991,1.085254793,0.645462442,1.095150909,0.247307046,0.376330085,10538,1.411398365,46939,1.133359461,4346,1.679163432,10539,1.408794737,22873,0.895380574,27581,1.004698982,1052,-1.439191287,0,-0.727815672,165,4.217427277,0.686732054,-1.970839776,0.942429629,-0.993790003,4.068658632,0.408522293,27.86794862,0.722907832,45.26267897,1.368285489,30.5542158,0.430778618,3.875402308,4.020368304,0.90131302,0.163034042,57.66359682,1.482681542,65.73865518,1.038545437,0.495984393,0.346098271,0.793320587,1.619194517,1.460395781,-0.364811699,19,-1.005886777,1976
94670374.04,-0.421113264,37133224.75,-0.330333765,85331760.58,-0.44752694,23779611.64,1.046715173,37133225,-0.366165086,16674730.69,-0.410017214,43273874.43,-0.061198136,1152173.244,-0.323302748,77623837,-0.404911181,17046537.48,-0.417801629,0.858097992,-0.500724766,121906.7666,-0.769171493,24458057.34,1.006778358,18281694.72,-0.422770363,37133224.75,-0.36632153,4986522.961,-1.040263489,0.962926858,0.497510885,0.892930602,0.427847519,0.948245722,1.119544924,1.603284606,1.076296332,0.950229819,-0.195406569,25,-0.769789236,-0.448628433,0.650264517,0.000357609,0.727074726,0.000296069,-0.379265592,0.00038314,0.963331683,0.00014996,0.152972257,0.000296069,-0.37243633,0.000675,0.317291305,0.000348386,0.321720074,9.20E-05,4.695895051,0.164040049,0.528578882,4.12,-0.615821019,2.963397882,-0.439863602,4VN,51.52676496,-0.88160395,5.432947682,2.461785843,2.58786477,-1.740278237,33855,0.359637102,0.423412046,0.226156023,0.108255678,-0.394199391,10994,1.513598325,32694,0.437237372,3566,1.165516262,10994,1.510691321,11261,-0.031999685,15076,0.108534404,1161,-1.362672923,0,-0.727815672,106,2.533682084,0.728508579,-1.789209836,0.961139338,-0.980020874,4.003474395,-0.238844035,25.65074307,0.315090851,35.31739707,0.012367367,22.37905348,-1.030004501,3.844551559,3.938916751,0.656624971,-0.151564762,47.72028913,0.564210301,51.02419907,-0.01424496,0.47236086,0.177464031,0.555841152,0.686256291,1.415066673,-0.443762198,20,-0.97216171,1977
65077708.12,-0.530121165,987900.3543,-0.464343431,63789795.93,-0.526754898,8885912.147,-0.745805911,987900,-0.500012983,31444174.64,0.182962305,43606526.89,-0.048357868,1350684.529,-0.168148051,32974745,-0.571142185,32093476.46,0.207486911,0.022654874,-0.648355272,1256401.385,0.862216941,11285617.33,-0.541405503,33559858.35,0.20203259,987900.3543,-0.500177618,16595880.24,-0.574464202,0.809200166,-0.697056355,0.97478018,0.749719495,0.915635017,0.613321964,1.503325814,0.444574089,1.082991245,0.387453328,26,-0.520420892,-0.178116216,0.81015658,0.000578309,1.85473217,0.006901506,1.236594629,0.000554402,1.819241233,0.000343127,1.780664678,0.006995645,1.289616048,0.000585,0.185931496,0.000497494,0.859866079,2.15E-05,0.707971293,0.317992691,2.608914079,8,0.551612825,5.77675492,0.978399436,4VN,51.83638747,-0.720002655,5.456116489,2.478583664,5.289966097,-0.012867645,37348,0.538936946,0.884286823,2.029790835,0.412998823,1.294482851,6818,0.577661849,35090,0.554324668,3049,0.825060381,6911,0.596309446,18410,0.538947737,21694,0.582810068,2258,-0.592575261,0,-0.727815672,29,0.336251918,0.895956747,-1.061202882,1.197953838,-0.805740804,4.105621234,0.775610182,36.00939518,2.220387465,49.25235007,1.912228576,30.82472727,0.4791151,3.986723011,4.013754182,0.881443582,1.298220742,61.45772234,1.833147934,71.35933628,1.440694117,0.66302827,1.53852437,0.730047116,1.370624616,2.078921306,0.712485014,23,-0.87098651,1978
90543230.14,-0.436316061,43333002.73,-0.307347938,88624724.42,-0.435415936,15521415.77,0.052805619,43523328,-0.342502223,12018204.29,-0.596972443,29486336.59,-0.593392239,1494333.972,-0.055872893,121595132,-0.241203652,12281100.41,-0.615833481,0.9947,-0.476585931,134229.7959,-0.751451138,15501546.15,-0.045898752,13834166.85,-0.604652728,43552428,-0.342549453,58898291.97,1.122824694,0.871947526,-0.209464125,0.564398626,-0.864098498,0.841049151,-0.544490412,1.300738766,-0.835740947,0.960481717,-0.150397862,28,-0.021684204,-0.358251665,0.703683649,0.000356946,0.723687155,0.0082,1.554239745,0.000331172,0.703613196,0.000227041,0.80248361,0.0083,1.613204634,0.00138,1.346276475,0.0006911,1.558609912,3.41E-05,1.423704927,0.160665702,0.48298192,4.53,-0.492458164,3.083253694,-0.379442168,4VN,51.85505469,-0.710259671,5.294604665,2.361484549,3.531270362,-1.13717398,32319,0.280792396,0.654206113,1.129369291,0.111118216,-0.378337124,1258,-0.66846047,29350,0.273823383,3524,1.137858337,1264,-0.668327941,16574,0.392317514,20378,0.488499586,2969,-0.093450887,1,-0.669756629,51,0.964089108,0.907156653,-1.012509549,1.132646341,-0.853802875,4.132360863,1.041170327,26.72752062,0.513145637,39.03941627,0.519819376,40.25786696,2.164680558,3.860001082,3.998331786,0.835113268,0.005980893,48.39536987,0.626568046,50.76259859,-0.03296196,0.48213991,0.247270807,0.349383121,-0.124814314,1.5117469,-0.275372558,23,-0.87098651,1979
82286060.66,-0.46673227,444589.3887,-0.466357769,81370602.45,-0.462095456,26564441.43,1.381881471,444589,-0.50202489,37521157.55,0.42694755,68068113.85,0.895850771,2890504.107,1.035361565,44934284,-0.526616169,37345982.49,0.425759334,0.006531537,-0.651204415,506526.6923,-0.216093067,27796561.65,1.399159609,39889103.67,0.460868093,444589.3887,-0.502189648,12200340.57,-0.750825321,1.008792605,0.85392081,0.736809367,-0.186096397,0.896141417,0.310718635,1.429484482,-0.022090333,0.835336546,-0.699820263,28,-0.021684204,0.231093572,1.052028827,0.000596857,1.949502403,0.015220786,3.271705041,0.000572934,1.911857901,0.000101113,-0.258629579,0.015315255,3.353571675,0.000801,0.501195038,0.000486072,0.818642914,3.67E-05,1.567487193,0.107646631,-0.233455538,4.12,-0.615821019,2.234679593,-0.807223379,4VN,51.61788932,-0.834043408,4.91020009,2.082783991,3.967582834,-0.858246326,49113,1.142848387,0.627607132,1.0252741,0.400998838,1.227986978,6767,0.56623159,46620,1.117770627,2686,0.58601689,6809,0.573466695,30065,1.469762146,33086,1.399212057,2493,-0.427604476,23,0.607542325,106,2.533682084,0.979815222,-0.696615119,1.482326348,-0.596461133,4.155157869,1.267574972,26.64288555,0.497578465,43.20809846,1.088168447,29.47579302,0.238080084,3.883467477,4.072542622,1.05804953,0.245278156,55.82614985,1.312955104,70.72166876,1.39507026,0.416405821,-0.221965449,0.84543917,1.823942429,1.416278389,-0.441651731,30,-0.634911042,1980
110682776.9,-0.362129784,68381046.27,-0.214481711,110454797.9,-0.355128359,22783343.19,0.926809961,68811060,-0.248860521,68718422.22,1.679488882,96194208.7,1.981508123,2257407.701,0.54053891,111383985,-0.279220309,67637642.64,1.684555424,1.2012,-0.440095476,29442.31568,-0.902134165,24608552.3,1.024466339,69911764.22,1.688649613,68846925,-0.248876966,14217103.96,-0.669907237,1.335579847,3.393293307,0.80335487,0.075592583,0.906514285,0.471738888,1.44666367,0.086479159,0.984355502,-0.045585249,25,-0.769789236,0.282645449,1.082499672,0.000438036,1.138013128,0.0101,2.019028739,0.000419927,1.147180666,9.76E-05,-0.28810326,0.0102,2.08456275,0.000447,-0.015486877,0.000345769,0.312275054,2.79E-05,1.071964505,0.161740872,0.497510505,4.56,-0.483431614,3.548887928,-0.144707716,4VN,52.12948989,-0.56702369,5.128212245,2.24084691,4.108777474,-0.767982828,48483,1.110509738,0.797693583,1.690907932,0.530765503,1.947066854,4249,0.001890583,46383,1.106188954,2224,0.28177972,4356,0.024120935,30688,1.519517391,33261,1.411753345,2100,-0.703491788,24,0.665601368,63,1.306545758,0.849167844,-1.264624915,1.151384573,-0.840012755,4.167860233,1.393726372,33.39767863,1.740006944,50.68211465,2.107159572,28.47125851,0.058584314,3.979980293,4.100538296,1.142151141,1.229462249,62.65905157,1.944115671,77.34668037,1.869076812,0.483799192,0.259115426,0.871169658,1.925024679,1.516949568,-0.26631098,23,-0.87098651,1981
87308768.06,-0.448230565,12169679.34,-0.422886714,86877224.27,-0.441842967,10974569.56,-0.494426967,12685887,-0.456694768,34371251.7,0.300481743,47029361.68,0.083762349,1099264.748,-0.364655569,54216470,-0.492058084,32941567.9,0.242730083,0.269743971,-0.604692349,303640.9429,-0.507840123,12812220.26,-0.361980733,34217778.22,0.228938329,12685886.77,-0.456856754,26732156.05,-0.167768988,0.890075097,-0.068599827,0.877180578,0.365910836,0.812278854,-0.991097896,1.816536816,2.424013344,1.271298585,1.214175368,24,-1.01915758,0.182065063,1.023049472,0.000515263,1.532601263,0.000310444,-0.375749096,0.000491061,1.502684339,0.000178686,0.395027538,0.00029789,-0.37198457,0.000813,0.518709679,0.000641195,1.378497668,0,-0.506033,0.096705178,-0.381305484,3.90115533,-0.6816681,2.147502251,-0.851171019,4VN,52.20845249,-0.525810736,2.536694079,0.361947421,4.925295079,-0.245996052,44987,0.9310559,0.615641583,0.978446888,0.303561726,0.688055815,3778,-0.103671217,42662,0.924351797,1961,0.10858843,3779,-0.105097371,27950,1.300849879,30155,1.189163406,2325,-0.545541037,33,1.188132759,0,-0.491351651,1.132501452,-0.032787986,1.514402152,-0.572855427,4.160957569,1.325173721,18.44573246,-1.01014743,42.41375816,0.979869817,33.20973952,0.905282251,3.968798241,4.089359242,1.108568222,1.115433893,46.50672267,0.452112202,66.18729336,1.070644617,0.396411712,-0.364691407,0.635240764,0.998177756,1.361272748,-0.537456017,31,-0.601185975,1982
101799356.9,-0.394852857,34396602.7,-0.340479858,101589843.3,-0.387732268,14565349.72,-0.06226106,34414010,-0.376234471,38774280.93,0.477259295,54908122.96,0.387879759,1054460.592,-0.399674109,63452835,-0.457670594,38174394.54,0.460184712,0.628242161,-0.541342412,341835.7071,-0.452916551,15563825.13,-0.038578975,39225474.57,0.433728875,34495597.83,-0.376089389,11595945.62,-0.775075306,1.103402312,1.589106451,0.708267085,-0.298338401,0.888353171,0.189820024,1.849616033,2.633068263,1.10530793,0.485429835,24,-1.01915758,-0.055304427,0.88274713,0.00036344,0.756867977,0.000122105,-0.421821672,0.000340772,0.751590749,0.000143697,0.100198037,0.000122072,-0.415602066,6.00E-04,0.207824798,0.000465341,0.743822617,4.74E-06,-0.237921397,0.203708607,1.064613187,6.91,0.223648163,4.920469939,0.546731033,4VN,51.72003813,-0.780728873,2.587056049,0.398460798,4.305782169,-0.642040846,36998,0.52097103,0.656523208,1.138437249,0.517299531,1.872447463,4200,-0.00909143,34619,0.531307925,2093,0.195513336,4201,-0.010591089,23247,0.925249693,25551,0.859220047,2379,-0.507632857,50,2.175136496,5,-0.348661381,0.903254078,-1.0294766,1.478862253,-0.599010481,4.166850659,1.383699957,19.91076124,-0.740680481,48.29037746,1.781075321,29.79621412,0.295334694,3.953396951,4.071179766,1.053955383,0.958380092,50.28792879,0.801385219,74.93448561,1.69648902,0.568216056,0.861716812,0.822919519,1.735473954,1.93261496,0.457660695,30,-0.634911042,1983
163995350.4,-0.165746945,70867349.04,-0.205263683,163961060.3,-0.158340739,25955284.79,1.308566837,70867349,-0.241245983,46896712.2,0.803367401,74811952.91,1.156160583,1325073.582,-0.188165345,120091231,-0.246802758,43880601,0.697311048,0.94727308,-0.484966706,16178.47292,-0.921207398,28873614.79,1.525747871,45956267.97,0.708985751,70867349.04,-0.241394779,18187095.39,-0.510620282,0.696587791,-1.572135707,0.82424607,0.157746847,0.85314214,-0.356768353,1.287536705,-0.919175684,1.00283603,0.035549452,27,-0.271052548,0.060700934,0.951314593,0.000246531,0.159526318,6.71E-05,-0.435288346,0.000233806,0.21701086,9.46E-05,-0.313510385,6.71E-05,-0.429243889,0.00056,0.149442661,0.000386,0.457472843,3.02E-06,-0.335347749,0.185898115,0.823943115,5.65,-0.155466951,3.95287772,0.058950683,4VN,51.40676904,-0.944233428,2.5655844,0.382893448,3.381924592,-1.232648366,40430,0.697139671,0.451420143,0.335765794,0.235066963,0.30850375,4752,0.114624311,38335,0.712900742,2456,0.434556827,4754,0.113252452,26258,1.165720065,28883,1.098006162,2095,-0.707001805,68,3.220199277,4,-0.377199435,0.859575226,-1.219377203,1.231966829,-0.780709455,4.168453488,1.399618185,25.48832185,0.28521625,40.02511952,0.654208015,25.78621724,-0.421193678,3.882070473,4.083034761,1.089568892,0.231032285,47.7017572,0.562498492,53.7992673,0.184305714,0.531354613,0.598585068,0.463117777,0.321992409,1.731204625,0.106860796,26,-0.769811309,1984
154165348.2,-0.201956859,29347814.65,-0.359198362,154140068.2,-0.194460803,6764373.926,-1.001142203,29367005,-0.394923776,129924725.7,4.136865376,139535291.5,3.654458651,804658.2884,-0.594917421,57917739,-0.478278058,125519095.6,4.089869173,0.453,-0.572309319,1366600.16,1.020681339,10605279.7,-0.621366979,127513218.9,4.044270344,29368362,-0.395076955,14099581.74,-0.674622551,1.115818735,1.68559101,0.764805899,-0.076000544,0.921728006,0.707904738,1.464965772,0.202145271,1.108127386,0.497808037,26,-0.520420892,0.155283299,1.007219534,0.000278331,0.322007092,0,-0.451691704,0.00026592,0.37750577,0.000385697,2.139374325,0,-0.44588608,0.000225,-0.339507739,0.000229,-0.109156196,1.24E-05,0.196656247,0.19050227,0.886158259,7.1,0.280816315,4.514827344,0.342239427,4VN,51.67577525,-0.803831001,0.618742818,-1.028603374,5.245716826,-0.041155503,42909,0.824389689,0.880456604,2.014801261,0.733332335,3.069556458,4090,-0.033744929,40989,0.842595935,2609,0.535310695,4090,-0.035449376,29245,1.404273702,31961,1.318589494,1920,-0.829852389,27,0.839778499,10,-0.20597111,1.155751064,0.068293318,1.638183036,-0.481760747,4.18233074,1.537437788,31.72469688,1.432290609,49.6164498,1.961869142,26.71578181,-0.255093951,4.105358592,4.098266709,1.135327082,2.508000506,63.31795198,2.004978826,86.14136216,2.498318998,0.560428212,0.806124062,0.910923335,2.081197044,1.959541481,0.504559087,33,-0.533735841,1985
107200110.3,-0.374958576,8603285.952,-0.436109204,107044053.4,-0.367672541,13081236.76,-0.240880468,8854652,-0.470882018,54933522.14,1.126037889,72108532.66,1.051809513,1380582.674,-0.14477992,54325290,-0.491652942,52718424.41,1.06457443,0.12279618,-0.63065938,343041.497,-0.451182641,17292968.28,0.164650761,54678849.95,1.06569714,8854652.367,-0.47104487,25568112.34,-0.214473618,0.889796579,-0.070764113,0.781887208,-0.008828607,0.895098469,0.29452873,1.372354782,-0.383140136,1.05644395,0.270903257,27,-0.271052548,-0.080609106,0.867790255,0.00036266,0.7528826,0.000522905,-0.323775657,0.000339,0.742734892,0.000235,0.869548916,0.000508,-0.319859805,0.000442,-0.022784644,0.000381,0.439427332,2.52E-07,-0.491780468,0.174038803,0.663690301,5.87,-0.089272249,4.019099629,0.092334319,4VN,51.68810386,-0.797396328,0.655985213,-1.001601936,4.48585363,-0.526924012,38877.131,0.617429059,0.634712592,1.053081339,0.329499291,0.831784414,4498.698,0.057853578,36254.634,0.611237792,3080.373,0.845720192,4498.698,0.056077943,24263.741,1.006450652,27466.029,0.996459643,2622.497,-0.33669715,20.029,0.435048907,0.348,-0.481420408,0.990275446,-0.651137668,1.424977851,-0.638665897,4.153574272,1.251847744,26.66109471,0.500927728,44.40943494,1.251956052,29.93196816,0.319591976,4.001769272,4.038674124,0.956305408,1.451654155,53.82651282,1.128247041,67.98573847,1.199319828,0.525757282,0.558629078,0.678392782,1.167700507,1.770380304,0.17509376,29,-0.668636108,1986
1720665791,5.56842307,1634605141,5.592332043,1720547408,5.566539093,11674256.35,-0.410216639,1634605141,5.549351155,49689436.17,0.915492686,64810718.71,0.770116466,1220377.492,-0.2699949,1674502836,5.5403564,46047972.5,0.787378042,25.22121608,3.804462955,1215885.388,0.803955467,13082755.67,-0.330184152,46735085.25,0.740835608,1634605141,5.549556822,24519424.21,-0.256549864,0.900358004,0.011305774,0.814163879,0.118098814,0.946776389,1.096736153,1.366806728,-0.418202876,1.061567659,0.293397777,31,0.726420828,-0.155346413,0.823615162,2.45E-05,-0.974931815,1.53E-06,-0.451317529,2.27E-05,-0.838025526,3.00E-04,1.417261555,1.53E-06,-0.445506513,0.000388,-0.10160053,0.000355,0.345590676,7.33E-06,-0.09177791,0.011186793,-1.536900503,1.35,-1.4492725,1.100664134,-1.378900628,4VN,52.8142261,-0.209639278,0.680188443,-0.984054139,5.426468246,0.074396017,42188.641,0.787412805,0.050829566,-1.231946621,0.024701335,-0.857201554,2500.26,-0.390041781,38990.101,0.7449141,3504.315,1.124895331,2500.26,-0.391469323,19302.561,0.61023119,23014.442,0.677438885,3198.54,0.067686959,4.721,-0.453718929,8.941,-0.236192909,1.162943362,0.099562952,1.377611271,-0.673524619,4.089285586,0.613375431,28.55348373,0.849000272,31.0423858,-0.570478379,20.37481088,-1.38813363,3.873914287,3.970714796,0.752149259,0.14786003,33.67021733,-0.733606008,34.92058071,-1.166427185,0.085905105,-2.581211932,0.037772633,-1.348976464,0.297724408,-2.389856741,32,-0.567460908,1987
163302125.5,-0.168300516,3597755.87,-0.454667328,163272293.5,-0.160873915,8583334.242,-0.782222469,3966390,-0.48898349,76477856.57,1.991022997,93429174.02,1.874778759,1617589.329,0.040462424,83513699,-0.382982904,79787889.2,2.189469409,0.042453444,-0.644856682,1464891.943,1.162023639,10785026.84,-0.600240929,81673578.35,2.169650889,3966390.203,-0.48914745,64815248.62,1.36022924,0.905819804,0.053747899,0.823115585,0.153301235,0.940135513,0.993648412,1.566825504,0.845881126,1.381223526,1.696776691,34,1.47452586,-0.202282166,0.795872776,0.00025531,0.204382253,0.000873138,-0.238099634,0.000233,0.212982744,0.000397107,2.23551896,0.000792,-0.249404171,0.000248,-0.30593801,0.000241,-0.06584697,7.39E-07,-0.464226959,0.098444064,-0.357808221,4.05,-0.636882969,2.319112686,-0.764659164,4VN,52.69481957,-0.271961136,0.663048851,-0.996480666,5.696584555,0.247077097,41692.697,0.76195541,0.557510212,0.750949595,0.462945946,1.571256328,3141.337,-0.24636186,38024.524,0.697728457,3408.502,1.061800362,3141.337,-0.247901067,18999.209,0.586004299,22546.128,0.643877396,3668.173,0.397370893,17.045,0.261800722,1.196,-0.457220138,1.225048415,0.36957433,1.557338179,-0.541257304,4.087772245,0.598345938,27.31117881,0.620499563,43.97615174,1.192883162,34.28158766,1.096805992,4.008475678,3.955466404,0.70634167,1.520042359,50.99732045,0.866912291,68.8932059,1.264247338,0.40371017,-0.31259209,0.578933092,0.776973004,1.39915283,-0.471479616,32,-0.567460908,1988
228048547.2,0.070200184,65828487.12,-0.223945385,227881255.9,0.07674769,8952311.424,-0.737814471,65854909,-0.259807292,87288492.35,2.425060028,98472152.49,2.069435951,920075.6158,-0.50470824,207681489,0.079300549,86195301.36,2.455734953,1.1117,-0.455910952,512825.1613,-0.207035951,10778423.94,-0.601016981,87887412.69,2.423766642,65892240,-0.259818978,128574606.1,3.918429708,0.888580376,-0.080214887,0.820284543,0.142168214,0.866824354,-0.144376414,1.386918861,-0.291097681,1.27428738,1.227297016,32,0.975789172,-0.162611094,0.819321216,0.000180697,-0.176849759,0.000496,-0.330357314,0.000163,-0.13685358,0.000305,1.459393297,0.0004925,-0.323705095,0.000242,-0.314695331,0.000243,-0.058628766,9.83E-07,-0.450478278,0.093304424,-0.42725928,3.33,-0.853520178,1.988412575,-0.931370939,4VN,53.18332383,-0.016996077,0.730893957,-0.947291686,3.795368835,-0.968340008,41207.697,0.737059783,0.417191532,0.201812023,0.34007188,0.890370616,2261.947,-0.443453138,37031.695,0.649211069,2726.936,0.612974147,2261.947,-0.444839171,21118.805,0.755283621,23953,0.744700175,4176.002,0.753868546,2.394,-0.588822323,0.904,-0.46555325,1.00339652,-0.594091758,1.240217196,-0.774637722,4.116105368,0.879731602,28.96087523,0.92393296,38.54254093,0.452076472,37.84072524,1.732772336,3.982405712,3.977776978,0.773364711,1.254195325,50.16052005,0.789616372,61.99104912,0.770411594,0.369466021,-0.557040541,0.436324968,0.216736829,1.203755962,-0.811805755,26,-0.769811309,1989
111431516.5,-0.359371717,402894.8474,-0.466512353,111043448.6,-0.352963394,13469087.73,-0.194200928,402895,-0.502179285,20661332.89,-0.249958821,39558543.02,-0.20460862,3431866.956,1.458486068,91052264,-0.354916415,20278944.64,-0.283476159,0.036650605,-0.645882098,1481627.494,1.186089142,14653532.32,-0.145567554,23864559.88,-0.194458196,1449844.519,-0.498466912,69216543.94,1.536821291,0.879742591,-0.148890849,0.742627934,-0.163214988,0.89053526,0.223693059,1.475255629,0.267175385,1.26852215,1.201986039,30,0.477052484,-0.313071504,0.730388355,0.000339147,0.632743907,0.012221566,2.53801849,0.000300009,0.547871062,0.000112364,-0.163824734,0.012221566,2.58607935,0.000789,0.483680396,0.000453201,0.700008117,9.03E-09,-0.505522252,0.113339954,-0.156522658,4.85,-0.39617496,2.938860789,-0.452233185,4VN,53.32445473,0.056664382,1.929560168,-0.078236102,7.259429399,1.246179059,37791.666,0.56171085,0.279240176,-0.338061019,0.177287182,-0.011673067,4924.006,0.153174764,33314.018,0.4675363,1513.446,-0.186135731,4924.006,0.151325047,16296.414,0.370148398,17927.956,0.312918406,4477.648,0.965625045,8.379,-0.241338948,0.031,-0.490466971,1.210725337,0.30730252,1.70460274,-0.432880165,4.089971273,0.620185216,23.18454435,-0.138524158,33.75720687,-0.200345574,39.94803635,2.109318315,3.878671673,3.950015158,0.689965619,0.19637321,48.22008924,0.610377235,54.10849139,0.20643009,0.444319968,-0.022703087,0.36315229,-0.070722118,1.579712136,-0.156996319,35,-0.466285707,1990
279807792.1,0.260861163,182396917.2,0.208234892,279191615,0.265459123,13803739.03,-0.153924198,182396917,0.171753434,16451723.9,-0.41897073,34116095.35,-0.414685182,1189144.636,-0.294406229,262365058,0.282890458,17100670.14,-0.4155521,5.346359697,0.292392482,1051172.701,0.567100776,14883830.56,-0.11850013,18318491.1,-0.421265569,182396917.2,0.17162992,61672346.41,1.234127375,0.876944696,-0.170632511,0.789139475,0.019690801,0.908254467,0.498752106,0.766292441,-4.213349103,0.807604273,-0.82157272,29,0.22768414,-0.410170045,0.672996174,0.00014048,-0.382336843,2.74E-05,-0.444979711,0.000125,-0.326764727,0.00012,-0.099481138,2.74E-05,-0.4390886,0.000667,0.305614878,0.000372,0.406945412,2.74E-06,-0.350928072,0.089642254,-0.476745544,4.68,-0.447325412,2.830201711,-0.507010148,4VN,54.48807668,0.663993659,1.59309027,-0.322183117,5.739741948,0.274666935,39306.062,0.639446597,0.174452725,-0.74814702,0.051379417,-0.709369506,5004.569,0.171230762,34865.146,0.543336543,1648.347,-0.097300453,5004.569,0.169367013,10975.508,-0.054800206,12683.767,-0.062903778,4440.916,0.939839058,9.222,-0.192395174,3.262,-0.398260519,1.568680974,1.863570327,1.988283835,-0.22410933,4.026975565,-0.005446103,28.69963883,0.875882999,33.00875535,-0.302387828,26.8344747,-0.23388525,3.868976517,3.8907823,0.512024599,0.097507394,39.89747729,-0.158389052,39.76518449,-0.819805311,0.412636863,-0.24886978,0.126105755,-1.001959695,1.542300267,-0.222157225,42,-0.230210239,1991
88242899.25,-0.444789588,26570471.69,-0.369495428,88237049.93,-0.436841742,5009758.257,-1.212317779,26807595,-0.404401396,39941042.61,0.524103698,46561880.76,0.06571775,592410.7366,-0.760808265,47722051,-0.516237161,40520475.54,0.557678133,0.575741242,-0.550619809,144387.3618,-0.736844691,5790235.423,-1.187288997,40999000.34,0.506257496,26807595.08,-0.40456018,14124366.77,-0.673628108,0.982632224,0.650635787,0.746394093,-0.148404636,0.895943901,0.307652552,1.481258322,0.305111364,1.127814462,0.584239823,29,0.22768414,-0.31232702,0.730828398,0.000480932,1.357188451,0.000174287,-0.40905661,0.000438245,1.238727835,0.000281,1.257160938,0.000172745,-0.403030945,0.000251,-0.30155935,0.000246,-0.04780146,5.40E-07,-0.475490591,0.224472251,1.345188687,8.18,0.605772127,5.359570753,0.768089519,4VN,55.14706463,1.00793928,1.270771958,-0.555869965,5.197900474,-0.07172374,42438.856,0.800256639,0.700127592,1.309083136,0.636308442,2.531915077,4630.886,0.087479912,38669.458,0.729244975,1410.144,-0.254162372,4630.886,0.085681252,10010.714,-0.131852471,11476.482,-0.149423255,3769.398,0.468431181,6.67,-0.340561853,0.32,-0.482219474,1.198883732,0.255819301,1.687313317,-0.445604056,4.006115315,-0.212616181,26.92779762,0.54998316,46.75087414,1.571182784,30.62629393,0.443657936,4.037174045,3.899970853,0.539627867,1.812692366,53.87269648,1.132513062,78.1205104,1.924442828,0.601192042,1.097112608,0.766383143,1.513370738,2.102072522,0.752807891,33,-0.533735841,1992
82520149.93,-0.465869976,16585118.18,-0.406516368,82519544.52,-0.457869828,10352661.11,-0.569276336,16706136,-0.44180759,26861468.24,-0.00102912,41017121.4,-0.148308008,924741.3632,-0.501061532,53890635,-0.493271186,28621391.34,0.063201416,0.40729664,-0.580385524,1031787.996,0.539225823,10579024.54,-0.624452801,29145013.03,0.021486783,16706135.73,-0.441968665,23642382.7,-0.291739178,0.911235814,0.095834201,0.741911994,-0.166030409,0.887879556,0.182467997,1.502931931,0.442084817,1.13346946,0.60906685,34,1.47452586,-0.942273121,0.358485207,0.000356794,0.722910518,0.000263834,-0.387151104,0.000308,0.587807377,8.79E-05,-0.369966919,0.000262,-0.380888277,7.45E-05,-0.559170531,7.20E-05,-0.675785235,7.90E-07,-0.461364319,0.316,2.581987193,13,2.056037882,8.513775598,2.358179965,4VN,55.75945347,1.327563425,1.429629441,-0.440695297,3.427214418,-1.203695298,29442.712,0.133149112,0.418301571,0.206156164,0.282302047,0.570248924,4375.722,0.030291863,25387.782,0.080198429,910.388,-0.583262699,4377.08,0.02884177,2000.802,-0.771555732,2952.508,-0.760289593,4054.93,0.668875598,12.403,-0.007709357,0.731,-0.470490334,1.315741702,0.763877501,1.928655833,-0.267991661,3.921222615,-1.055713807,24.56287139,0.114995491,38.04209535,0.38384681,30.733213,0.462762825,3.937057282,3.785174594,0.194769217,0.791757223,46.66651694,0.466872526,59.35684267,0.581939303,0.700444212,1.80561435,0.506881297,0.493917446,2.566120552,1.561048452,39,-0.33138544,1993
401581790.9,0.709429334,342683629,0.802501756,400809087.1,0.712749062,16273545.04,0.143327627,345715721,0.776530913,17427388.8,-0.379798687,36070459.35,-0.33924742,457627.6184,-0.86615358,384137478,0.736255817,17444312.62,-0.40127174,9.584455734,1.041303149,678813.6076,0.031653266,18127864.87,0.262777868,18796674.62,-0.401710177,345715721,0.776444418,17150240.16,-0.55222176,0.871292598,-0.214553388,0.698998157,-0.334788292,0.880021878,0.060491578,1.306026952,-0.802320528,0.70849323,-1.256697998,39,2.721367581,-1.360091594,0.111524612,4.98E-05,-0.84566252,1.02E-05,-0.449198992,4.27E-05,-0.738072291,3.70E-05,-0.798868047,1.01E-05,-0.44338044,5.04E-05,-0.594345768,4.20E-05,-0.7840583,5.20E-06,-0.2120113,0.0867,-0.516503709,3.688615589,-0.745618122,2.661141724,-0.592236277,4VN,55.56153561,1.224264144,1.388698169,-0.47037124,4.588860913,-0.461073088,20012.843,-0.350897277,0.076438959,-1.131724185,0.035287996,-0.798537375,3491.919,-0.167788469,17123.346,-0.323666538,602.704,-0.785879386,3496.231,-0.168423075,877.614,-0.861257969,1514.23,-0.863363068,2889.497,-0.149262259,48.702,2.099775858,2.379,-0.42345962,1.137189271,-0.012406964,1.448489248,-0.621363038,3.906111147,-1.205790819,23.44563482,-0.090501038,31.58272223,-0.496810084,21.62001236,-1.165634158,3.864905821,3.77138736,0.153351082,0.055996697,31.4572627,-0.938018387,36.81588303,-1.030822031,0.376615889,-0.50600192,0.096182853,-1.119511849,1.305251209,-0.63502971,32,-0.567460908,1994
186009458.5,-0.08465551,73110226.81,-0.196948159,185724314.1,-0.078298913,14349466.51,-0.088243538,73141967,-0.232822962,17708661.55,-0.368505846,34143595.35,-0.413623692,1105054.57,-0.360130295,168044033,-0.068271861,17719434.12,-0.389838828,2.14482351,-0.273348497,371156.1702,-0.410754108,17499925.19,0.188974831,18840219.12,-0.399929418,73231986.03,-0.232637877,75272409.92,1.77979926,0.856221393,-0.331667517,0.55071489,-0.917909541,0.849152197,-0.418705093,1.457403771,0.154354736,1.023313331,0.125450547,35,1.723894205,-1.922690387,-0.221011504,7.62E-05,-0.710772822,6.41E-05,-0.436022517,5.93E-05,-0.655111106,5.00E-05,-0.689325519,6.40E-05,-0.430008754,2.71E-05,-0.628353363,3.62E-05,-0.804991093,9.30E-07,-0.45344835,0.129,0.055088812,6.01,-0.047148347,3.889282725,0.026891322,4VN,53.80546013,0.307715561,1.470243444,-0.41124938,6.135128641,0.527431387,14172.688,-0.650679378,0.138345795,-0.889451598,0.087964302,-0.506640596,4682.984,0.099156257,11014.152,-0.622209528,717.71,-0.710145403,4683.107,0.097376069,480.556,-0.892968592,1237.009,-0.883229972,3158.524,0.039595593,61.099,2.819533818,1.028,-0.462014532,1.209786788,0.303222033,1.906313695,-0.284434022,3.880712387,-1.458034349,27.26949502,0.612832544,31.53826609,-0.502871138,32.78480089,0.829351872,3.86776103,3.67691037,-0.130466593,0.085112533,41.71575652,0.009566847,44.28662254,-0.496305311,0.486325794,0.277151323,0.199384101,-0.714085631,1.793997231,0.216227775,40,-0.297660373,1995
290344413.2,0.299673987,83798228.58,-0.157322134,290204763.9,0.305963753,16508123.86,0.171560201,192100121,0.207684871,17728573.02,-0.367706419,37088365.48,-0.299956602,825805.2945,-0.578389105,271898168,0.318382746,18446245.11,-0.35963557,5.179525117,0.262911273,589867.6206,-0.096249901,17851494.52,0.230295495,19353833.49,-0.378925076,192100120.6,0.207563554,59568965.16,1.149733944,0.817954069,-0.629032217,0.711458545,-0.285788043,0.879229858,0.048196882,1.476175565,0.272989221,0.582211004,-1.81111239,34,1.47452586,-2.193947568,-0.381343895,3.83E-05,-0.904208226,5.90E-05,-0.437257511,3.03E-05,-0.800043297,4.84E-05,-0.702807676,2.57E-05,-0.439500592,9.46E-06,-0.654099886,2.67E-05,-0.839277563,2.42E-05,0.862298761,0.0114,-1.534019474,1.386718729,-1.438224385,1.121793903,-1.368248738,4VN,52.03330932,-0.617223221,1.952943486,-0.061282756,5.986149355,0.432191288,11132.295,-0.806746367,0.140190335,-0.882232986,0.070607505,-0.60282033,4944.528,0.15777421,8781.819,-0.731298774,799.223,-0.656467299,4944.528,0.155920919,167.732,-0.917951954,990.425,-0.900901291,2350.476,-0.5276568,21.454,0.517783044,20.004,0.079523583,1.193206631,0.231137221,1.490222413,-0.590650142,3.850088655,-1.762168812,14.53810562,-1.72888845,23.82555323,-1.554405648,21.91146289,-1.113556169,3.725125662,3.663972393,-0.16933348,-1.369403729,18.44897262,-2.13960449,34.11210217,-1.224272234,0.091957334,-2.538008697,0.18481633,-0.771315136,0.32694033,-2.338970859,35,-0.466285707,1996
82644171.36,-0.465413129,441513.2166,-0.466369174,82496385.33,-0.457955004,17922096.97,0.341737974,549274,-0.501637237,13820841.46,-0.524598228,34958351.65,-0.382174386,1772393.368,0.161455917,67715230,-0.441801465,14901049.55,-0.506959232,0.015712238,-0.6495821,325741.5275,-0.476059771,17284785.56,0.16368903,16902358.96,-0.47917852,549273.9457,-0.501801973,46130528.3,0.610546963,0.858541423,-0.313639211,0.658991739,-0.492112803,0.804187887,-1.11669571,1.382580323,-0.318516489,1.09716187,0.449666346,33,1.225157516,-2.273709113,-0.428488672,0.000135324,-0.40868121,0.010312405,2.070988479,0.000103,-0.436713286,5.74E-05,-0.626970542,0.00829,1.610723802,1.96E-05,-0.639300014,3.74E-05,-0.80066017,6.94E-08,-0.502108941,0.217,1.244217462,9.46,0.990904942,5.898562825,1.039804955,4VN,51.63820427,-0.823440424,1.958140467,-0.057514847,5.359642421,0.031675326,11183.758,-0.80410471,0.275271904,-0.353590863,0.116049516,-0.351011165,4553.063,0.07003801,8501.893,-0.744978147,1029.048,-0.505122477,4553.063,0.068252905,270.915,-0.909711351,1306.547,-0.878246566,2681.865,-0.295020616,34.057,1.249501168,0.123,-0.487841471,1.218280969,0.340151806,1.937134107,-0.261752203,3.851761808,-1.745552173,19.3760571,-0.839030148,33.04996161,-0.296769856,38.8596418,1.91483797,3.847892699,3.62732934,-0.279412623,-0.117493672,44.08695898,0.228596705,52.75662253,0.109706532,0.609202345,1.154293359,0.427483118,0.182001612,2.247274012,1.005707863,40,-0.297660373,1997
276996034.2,0.250503737,5074971.967,-0.449190514,276909908,0.257067363,25352690.66,1.23604203,210389384,0.275410902,9442222.745,-0.700395721,37563020.21,-0.281635097,1010592.238,-0.433961233,266552049,0.298478853,10434881.32,-0.692554709,5.600970912,0.337384633,522475.8,-0.193158458,26879479.93,1.291373116,11869240.67,-0.6850087,210389383.5,0.27529373,26804535.76,-0.164864915,0.81895411,-0.621261177,0.610325802,-0.683490715,0.859364176,-0.260182355,1.392999661,-0.252668079,0.391067564,-2.650285704,33,1.225157516,-2.608016084,-0.626087997,3.27E-05,-0.933034257,0.000467386,-0.337357036,2.25E-05,-0.839025059,4.47E-05,-0.733985165,1.14E-05,-0.443057932,6.30E-05,-0.575955395,4.62E-05,-0.768900071,0,-0.506033,0.0314,-1.263762963,2.32,-1.157414039,2.024967552,-0.912942928,4VN,51.12356859,-1.092044257,1.448561561,-0.426969153,5.83138937,0.33325568,9046.378,-0.913818967,0.06561266,-1.174092939,0.026617429,-0.846583845,2371.969,-0.418794709,6219.446,-0.856516355,1132.028,-0.43730788,2394.649,-0.415120752,595.016,-0.883827363,1733.589,-0.847642814,2826.932,-0.193183098,10.84,-0.098455642,0,-0.491351651,1.378483157,1.036655735,1.785302659,-0.373490273,3.872986567,-1.534762035,15.12697303,-1.620576377,22.02191058,-1.800310368,14.77300301,-2.389095575,3.637822848,3.574254697,-0.438853793,-2.259669338,21.32547957,-1.873899254,30.71194147,-1.467547046,0.223603189,-1.598267857,0.14393901,-0.931901733,0.841016339,-1.443595693,43,-0.196485172,1998
400370727.1,0.704968245,295550553.3,0.627754737,396237234.9,0.695934509,12754929.25,-0.280152986,353462102,0.805216139,7613123.343,-0.77383237,22059494.94,-0.880065711,573562.8429,-0.775539615,389143078,0.754891938,8587883.526,-0.769308297,16.02326751,2.179100589,253833.6888,-0.579462303,12629104.9,-0.383502657,9340635.945,-0.788416396,353465188.6,0.805142831,19963320.54,-0.439353252,0.885376689,-0.105109845,0.656646072,-0.501337096,0.814324481,-0.95934319,1.465119315,0.203115637,0.655173079,-1.490788416,35,1.723894205,-2.645992681,-0.648534881,2.32E-05,-0.981574111,6.49E-06,-0.450102916,1.51E-05,-0.876007756,7.75E-05,-0.457600941,5.43E-06,-0.444538988,6.75E-05,-0.569387405,6.83E-05,-0.689138913,0,-0.506033,0.0214,-1.398891219,2.18,-1.199537941,1.553171396,-1.150783714,4VN,50.97246587,-1.170909309,1.043011082,-0.721000891,6.011747447,0.448555743,9271.552,-0.902260518,0.058824176,-1.200659691,0.015275531,-0.909433042,1919.532,-0.520196119,5999.257,-0.867276512,988.1,-0.532087636,1919.532,-0.521522509,513.949,-0.890301695,1507.175,-0.863868661,3272.295,0.119463215,10.545,-0.11558306,0,-0.491351651,1.528247482,1.687779431,2.421723961,0.094874412,3.858670718,-1.676937491,15.35874081,-1.577946664,27.17124226,-1.098261677,19.7429342,-1.501040842,3.811121128,3.547083963,-0.520477207,-0.49246973,20.62018765,-1.93904763,32.99604873,-1.304123663,0.193468671,-1.813380116,0.06039742,-1.260094963,0.778779443,-1.551994782,56,0.241940697,1999
57763150.46,-0.557065158,14617711.88,-0.413810575,53964240.9,-0.562891745,8940808.101,-0.739198946,15680353,-0.445606115,10253047.76,-0.667841846,20515580.4,-0.939660268,417292.7989,-0.897678925,44714587,-0.527434113,11216165.29,-0.660087779,0.76995542,-0.516300372,264257.2376,-0.564473377,9661525.973,-0.732288288,11656511.17,-0.693708307,15796082.32,-0.445338843,16116117.3,-0.593713608,1.091179812,1.494128813,0.713895956,-0.276202969,0.824981982,-0.793904518,1.416062674,-0.106913833,0.839393651,-0.682008435,30,0.477052484,-2.960015937,-0.83414508,0.000128451,-0.443798517,7.13E-05,-0.434257151,7.55E-05,-0.574148985,5.92E-05,-0.611803115,6.64E-05,-0.429413355,3.56E-05,-0.615947159,4.38E-05,-0.777561916,0,-0.506033,0.112,-0.174629222,8.28,0.635860628,4.133577177,0.150044475,4VN,52.08979151,-0.587743468,1.052300363,-0.714265987,7.596582755,1.46171586,7419.725,-0.997317,0.307799296,-0.226294818,0.156050936,-0.129350108,1041.808,-0.716914009,4076.128,-0.961255633,529.019,-0.834402581,1041.808,-0.718087514,365.487,-0.902158457,899.335,-0.907429211,3343.597,0.169517457,17.245,0.273412531,0,-0.491351651,1.647709855,2.207160679,3.157888075,0.636643319,3.884438437,-1.421029707,19.83253622,-0.755068634,33.65325752,-0.214517803,30.84984694,0.483603621,3.816559098,3.507470025,-0.639481166,-0.437016332,37.99465599,-0.334154169,51.4234326,0.014319414,0.504563128,0.407336718,0.39019584,0.035518498,2.113945303,0.773486921,66,0.579191366,2000
841978309.4,2.331679262,778096917.2,2.416807065,839831812.4,2.327405614,13647608.49,-0.172715183,778697442,2.379883295,23855442.92,-0.121718257,38421557.7,-0.248495852,420555.0763,-0.895129157,815380880,2.341798515,24977233.36,-0.088234715,20.26720124,2.929042831,120051.9606,-0.77183868,13157233.45,-0.321430626,25382312.46,-0.132389461,778697441.7,2.379894947,22165041.92,-0.351014146,0.836714016,-0.483253902,0.647297945,-0.538098435,0.82607019,-0.777012032,1.480597407,0.300934496,1.137468956,0.626625759,32,0.975789172,-3.164287891,-0.954884412,8.80E-06,-1.05515031,2.09E-06,-0.451181079,3.92E-06,-0.931881614,3.16E-05,-0.844370328,2.09E-06,-0.445367586,1.21E-05,-0.650246665,1.90E-05,-0.86706765,1.50E-05,0.342106521,0.0327,-1.24619629,2.67,-1.052104285,1.549494903,-1.152637099,4VN,52.25908962,-0.499381695,0.889445533,-0.832338806,5.036129313,-0.175141482,7411.559,-0.99773617,0.040407268,-1.272734315,0.01483265,-0.911887191,1624.174,-0.586392557,3290.449,-0.999650052,431.793,-0.898428042,1624.185,-0.587665037,287.93,-0.908352466,730.231,-0.919547964,4121.11,0.715334179,6.098,-0.373771626,6.3,-0.31156191,1.189650131,0.215674784,2.328867426,0.026538042,3.90539138,-1.212939065,28.48294174,0.836025282,30.47330673,-0.648065383,20.96988077,-1.281803258,3.872113014,3.419234081,-0.904550157,0.129491648,34.8719436,-0.622601596,35.20953873,-1.145752807,0.248249246,-1.422334431,0.046799201,-1.313515581,0.980893273,-1.199969594,52,0.10704043,2001
89960007.6,-0.438464427,24231985.28,-0.378165423,81468913.19,-0.461733885,7469760.369,-0.916245896,27983315,-0.400047648,27788198.11,0.036178228,36670073.7,-0.316102518,706703.3382,-0.67147816,53890774,-0.493270668,28593047.15,0.062023549,0.763110418,-0.517509947,323228.0369,-0.479674138,7393780.049,-0.998821112,29430737.12,0.033171515,27983315.27,-0.400206164,15763240.11,-0.60787201,0.881677804,-0.133852849,0.970513143,0.732939449,0.847542126,-0.44369857,1.341747292,-0.576574169,0.810901798,-0.807095661,28,-0.021684204,-2.662041916,-0.658021127,0.000105262,-0.562281745,0.000136568,-0.41828365,6.50E-05,-0.626624433,5.43E-05,-0.653092221,0.000118,-0.416612261,9.23E-06,-0.654435583,1.82E-05,-0.869954932,0,-0.506033,0.175,0.676678788,11.7,1.664887367,6.361220244,1.273038742,4VN,53.12318197,-0.048385922,0.660341393,-0.998443624,7.517291663,1.411026321,9469.397,-0.892104898,0.417537574,0.20316626,0.28607197,0.59113931,3309.307,-0.208715967,5294.47,-0.901717916,405.496,-0.915745195,3309.307,-0.210284431,256.515,-0.910861392,666.021,-0.924149542,4174.927,0.753113892,0.894,-0.675910888,0,-0.491351651,1.316016799,0.765073528,2.9509669,0.484362793,3.898467942,-1.281698029,18.51417954,-0.997557762,35.30087941,0.010115385,27.28784096,-0.152875265,3.775754553,3.530943983,-0.56896321,-0.853118419,33.24874898,-0.772537374,57.99888377,0.484780014,0.595060816,1.053345461,0.428783039,0.187108353,2.455895953,1.369068342,62,0.444291098,2002
97539871.69,-0.410543148,42127435.68,-0.311817607,94296916.18,-0.414554507,17407308.37,0.279780942,42359065,-0.346813546,8538743.938,-0.736669559,27842201.9,-0.656855259,1077648.389,-0.381550728,85386962,-0.376008643,9474920.105,-0.732446726,1.523432409,-0.383154037,208372.0856,-0.644835495,17256830.3,0.160403391,10545275.37,-0.739152473,42415712.71,-0.346759022,23087969.04,-0.313983776,1.070714905,1.335101729,0.684294375,-0.392610647,0.819365497,-0.881090418,1.426193332,-0.04288983,1.101999612,0.470905391,28,-0.021684204,-3.009399638,-0.863334379,8.94E-05,-0.643327972,4.74E-05,-0.44010312,4.21E-05,-0.741070888,2.79E-05,-0.875547817,4.71E-05,-0.434201361,2.49E-05,-0.631564381,2.53E-05,-0.844330306,6.31E-09,-0.505676216,0.193,0.919909649,12,1.755152871,7.82883821,2.012890914,4VN,53.62841693,0.215311392,0.749839724,-0.933555648,6.021033351,0.454492074,8723.246,-0.930405717,0.217826399,-0.578404018,0.035386399,-0.797992091,1995.6922,-0.503126888,3965.3022,-0.966671448,485.4,-0.863126652,1995.6922,-0.504466543,212.6368,-0.914365679,703.6036,-0.921456204,4757.9438,1.162393632,0.7682,-0.683214715,0.0068,-0.491157592,1.072947245,-0.291709164,2.745794998,0.333369617,3.916706749,-1.100562373,20.63258766,-0.607912876,31.05078019,-0.569333906,28.98691022,0.150723807,3.796505219,3.415732645,-0.915068797,-0.641514652,39.07273641,-0.234571023,44.15808117,-0.505502193,0.612301704,1.176417825,0.294844501,-0.339069343,2.486216176,1.421877604,58,0.309390831,2003
49285999.57,-0.588291693,7773362.524,-0.439186165,48014079.78,-0.584775502,9795918.271,-0.636282742,19024588,-0.43322225,3556593.773,-0.936698282,14429562.05,-1.174578432,398934.5318,-0.912027587,43420936,-0.532250446,4809982.501,-0.926302235,1.318445248,-0.419377159,167157.0142,-0.704102229,8958336.602,-0.814935575,5222363.047,-0.956833827,19024587.52,-0.4333828,13674893.49,-0.69166221,0.6997154,-1.54783193,0.764033713,-0.079037152,0.784750802,-1.418421744,1.503834487,0.447788815,0.581806835,-1.812886806,28,-0.021684204,-3.331954088,-1.053987124,0.000184921,-0.155267407,0.000190894,-0.404994109,6.23E-05,-0.64011812,2.88E-05,-0.867964103,7.80E-05,-0.426535589,7.64E-05,-0.556397379,3.85E-05,-0.796690158,0,-0.506033,0.083,-0.566501164,5.23,-0.281838656,2.632554807,-0.606647448,4VN,53.90211175,0.358160947,2.199483444,0.117463358,6.930064583,1.035621347,9113.9994,-0.91034788,0.200353733,-0.646783349,0.04366048,-0.752142681,1483.8855,-0.617834397,2992.3249,-1.014218727,281.8879,-0.99714385,1483.8855,-0.619084905,271.7583,-0.909644002,555.0955,-0.932098962,6121.6745,2.119737136,1.3184,-0.65127063,0,-0.491351651,1.276586052,0.593642223,2.466885876,0.128110644,3.940001537,-0.869214089,19.91188504,-0.740473777,28.50935976,-0.915825645,27.52222595,-0.110994061,3.737597691,3.256618152,-1.393063549,-1.242220905,30.22083808,-1.052227913,42.25552975,-0.641626006,0.41886137,-0.204436756,0.299380547,-0.321249482,1.655023357,-0.02582545,52,0.10704043,2004
172561052.9,-0.13419422,114298081.6,-0.04424319,169743608.6,-0.137073435,15707440.68,0.075194521,117033381,-0.07029092,15666010.35,-0.450516403,33266668.13,-0.447472774,1028816.352,-0.419717424,154841034,-0.117427346,15864643.91,-0.466916237,3.518037358,-0.030688942,176415.455,-0.690788712,16182652.24,0.034153043,16928772.34,-0.47809834,117033381.3,-0.070429251,18748828.12,-0.488082022,0.749469823,-1.161204188,0.712146062,-0.283084395,0.849054601,-0.420220097,1.306328561,-0.800414411,0.823284366,-0.752732714,29,0.22768414,-3.672684869,-1.25538338,3.63E-05,-0.914640207,5.69E-06,-0.450298861,1.19E-05,-0.892000274,2.32E-05,-0.915151654,5.56E-06,-0.444506738,1.75E-05,-0.642365076,1.95E-05,-0.865263099,9.00E-08,-0.500944163,0.12,-0.066526618,8.44,0.68400223,5.072785714,0.623516109,4VN,53.3172124,0.052884393,2.095284026,0.041916817,6.513538467,0.769342797,6271.888,-1.056236838,0.117648943,-0.97044879,0.042920414,-0.75624363,650.787,-0.804550699,2026.8106,-1.061401305,363.9243,-0.943121075,650.787,-0.805656095,273.7203,-0.909487309,647.9448,-0.925444964,4245.0774,0.802359707,1.2022,-0.65801709,0.0926,-0.488709027,1.222197458,0.357179351,2.915450167,0.458224787,3.986598727,-0.406441904,18.99742878,-0.908672342,28.99476876,-0.849646037,23.98335186,-0.743339613,3.842721737,3.270951355,-1.350005273,-0.17022427,32.91671713,-0.80320742,40.96699753,-0.733817952,0.514747231,0.480034924,0.200725434,-0.708816203,2.132667126,0.806095047,63,0.478016165,2005
162458335.4,-0.171408712,122268435.5,-0.01469291,156749816.1,-0.184862561,8803816.063,-0.75568653,122560008,-0.049825551,12366292.11,-0.582997039,22046690.32,-0.880559964,487231.7841,-0.843015221,148140104,-0.142375274,13142603.03,-0.580032995,5.559111418,0.329987674,122854.068,-0.767809286,8080654.817,-0.918091313,13895383.47,-0.602149265,122560007.9,-0.049962631,11775344.68,-0.767877323,0.752364921,-1.13870719,0.682722731,-0.398791109,0.820481708,-0.863763236,1.415760692,-0.108822307,1.123589748,0.565692143,33,1.225157516,-3.770530558,-1.313217179,3.01E-05,-0.946318849,1.81E-06,-0.451247845,1.05E-05,-0.898997,3.96E-05,-0.776959541,1.81E-06,-0.44543705,2.44E-05,-0.632294158,2.96E-05,-0.828811167,4.10E-10,-0.506009818,0.0827,-0.570555011,5.63,-0.161484652,2.560607336,-0.64291744,4VN,52.91159328,-0.15882042,1.734238052,-0.219848316,6.546937151,0.790694046,4894.1023,-1.126960216,0.121161186,-0.956703617,0.044034827,-0.7500683,221.8485,-0.900685562,1648.6494,-1.079881219,349.0524,-0.952914548,221.8522,-0.901715416,302.1153,-0.907219572,653.68,-0.925033953,3245.4529,0.100619971,5.5269,-0.406929146,2.00E-04,-0.491345944,1.239822484,0.433806893,2.737529185,0.327286517,4.017875829,-0.095818606,26.22351893,0.420443159,30.67415137,-0.620682661,22.18900418,-1.063963559,3.874673085,3.336182764,-1.154044046,0.15559783,37.18632811,-0.408820058,39.69019438,-0.825170706,0.427519109,-0.142634348,0.165126746,-0.848665689,1.728481674,0.102118184,57,0.275665764,2006
78823967.21,-0.479485279,14547331.86,-0.41407151,73957666.43,-0.489359069,7524092.06,-0.909706843,14787825,-0.448911189,23336453.04,-0.142555221,32333152.06,-0.483506165,848185.1344,-0.560897216,49634354,-0.509117552,24906978.6,-0.091154212,0.457357972,-0.571539225,407981.315,-0.357800032,6283451.33,-1.129320321,25708862.7,-0.119035136,14787824.87,-0.449072698,26360496.88,-0.182680974,0.906985529,0.062806422,0.588072084,-0.771003056,0.933508901,0.890782095,1.436746456,0.023804085,1.273735788,1.224875372,27,-0.271052548,-3.88005563,-1.377954328,5.44E-05,-0.822159012,5.90E-06,-0.450248581,2.09E-05,-0.847021318,4.95E-05,-0.693538693,5.80E-06,-0.444447198,8.77E-06,-0.655106978,1.79E-05,-0.871037662,0,-0.506033,0.0326,-1.247547572,4.04,-0.63989182,2.164412422,-0.842646303,4VN,52.86557123,-0.182840711,2.075975469,0.027917749,6.135993045,0.527983986,4291.069,-1.157914633,0.405602809,0.156459521,0.269866752,0.501340854,85.8192,-0.931172818,1545.727,-1.084910812,372.2586,-0.937632755,85.8192,-0.932179807,204.6701,-0.915001931,579.3446,-0.930361163,2745.342,-0.25045955,3.4043,-0.530165271,0,-0.491351651,1.24044167,0.4364989,4.328390915,1.49805728,3.982746416,-0.444700486,18.14997859,-1.064546288,32.6655632,-0.3491779,30.38490594,0.400525398,3.841532659,3.345724175,-1.125380759,-0.182349827,43.34913705,0.160443506,58.37223205,0.511492349,0.307063725,-1.002493124,0.418902336,0.148292,1.395081019,-0.478571561,94,1.523493238,2007
54111887.43,-0.570514994,12909213.18,-0.420144875,48138835.07,-0.584316671,14436678.87,-0.077747153,13076564,-0.455248072,7486038.502,-0.778934709,24507696.81,-0.785565981,1475044.887,-0.070949075,41442110,-0.539617723,8236569.673,-0.783907447,0.538826655,-0.557142957,246656.205,-0.589783431,13886445.17,-0.235724879,9681110.519,-0.774492633,13205400.29,-0.454932852,10120998.39,-0.834254238,0.872183643,-0.207629325,0.631412696,-0.600566888,0.88517144,0.140429332,1.419364306,-0.086048091,0.757344022,-1.042229319,26,-0.520420892,-3.862277932,-1.367446438,9.32E-05,-0.623912031,1.59E-05,-0.447800931,2.77E-05,-0.813037218,1.76E-05,-0.962339204,1.57E-05,-0.441991174,2.04E-05,-0.638132371,1.67E-05,-0.875368585,0,-0.506033,0.139,0.190217068,14.2,2.417099895,7.525733863,1.860090652,4VN,54.57169378,0.707635937,1.800390914,-0.171886245,6.806582534,0.956681228,5045.3454,-1.119196728,0.283425321,-0.321682442,0.044617384,-0.74684016,205.3216,-0.904389615,1334.4394,-1.095235976,254.7328,-1.015026081,205.3216,-0.90541742,152.8126,-0.919143476,408.615,-0.942596414,3710.906,0.427369601,2.0937,-0.606257453,0,-0.491351651,1.17105005,0.134808039,4.616353037,1.709978673,3.996995853,-0.303184589,19.38581396,-0.837235541,30.40806371,-0.656960474,29.33956632,0.213738345,3.678662844,3.283119526,-1.313450954,-1.843205741,44.2528363,0.243918925,50.69329194,-0.037920714,0.580965414,0.952726836,0.477100834,0.376924864,2.651728436,1.710153199,96,1.590943372,2008
205553447.4,-0.012663037,68154262.55,-0.215322517,200605801.5,-0.023567143,39051073.89,2.884701638,97234313,-0.143607832,23272469.01,-0.14512412,63416989.08,0.716318993,668250.6835,-0.701532421,177790430,-0.031985494,24500508.03,-0.108045447,1.533253375,-0.381418582,31699.38359,-0.898888531,38013536.44,2.599981588,25686229.96,-0.119960706,97233852.89,-0.143752356,39118421.41,0.329201984,0.790609993,-0.841515404,0.606893901,-0.696986603,0.802784362,-1.138482929,1.442572452,0.06062337,0.710953604,-1.245896266,26,-0.520420892,-3.939260753,-1.41294879,2.14E-05,-0.990771136,5.65E-08,-0.451677882,5.76E-06,-0.922685917,4.63E-06,-1.071628941,3.96E-08,-0.445876256,2.51E-06,-0.664243782,3.79E-06,-0.921962094,0,-0.506033,0.0455,-1.073232123,6.28,0.034090606,3.187129464,-0.327076555,4VN,56.94730781,1.947540314,1.739791873,-0.215821691,6.867783481,0.995806025,4408.6955,-1.151876725,0.1768719,-0.738679572,0.09763204,-0.453068472,3.8508,-0.949543799,1156.2828,-1.103942101,180.7856,-1.06372194,3.8508,-0.95053651,58.4698,-0.926678066,240.2494,-0.954662251,3252.4127,0.105505774,0.6027,-0.692823487,0,-0.491351651,1.361748236,0.963898063,5.312363017,2.222196749,3.990656422,-0.366143586,18.7814761,-0.948393138,27.87464178,-1.002361715,25.8297928,-0.413407356,3.738060955,3.30826711,-1.23790527,-1.237496796,27.14133745,-1.336683836,43.74211185,-0.53526398,0.385684476,-0.441266714,0.319143798,-0.243609528,1.836696561,0.290597944,117,2.299169776,2009
80206638.48,-0.474392055,16965153.96,-0.405107376,76355096.78,-0.480541698,9695660.131,-0.648349243,19155193,-0.432738613,15275460.57,-0.466196615,26595446.1,-0.704979594,1338807.238,-0.177431239,60864730,-0.46730625,16898711.41,-0.423944669,0.72024335,-0.525084953,702284.5869,0.065404227,8228237.75,-0.900745589,17273288.27,-0.464009306,19155193.19,-0.432899131,29810402.08,-0.044261306,0.80363628,-0.740291761,0.652503084,-0.517629321,0.837932072,-0.592877497,1.447595344,0.092367177,1.260613591,1.167265247,26,-0.520420892,-4.049316676,-1.47799971,5.77E-05,-0.8052978,1.33E-08,-0.451688458,1.17E-05,-0.892999806,1.89E-05,-0.951384951,1.18E-08,-0.445883153,3.04E-06,-0.663470219,8.70E-06,-0.904241402,0,-0.506033,0.132,0.095627289,10.5,1.303825354,6.642177321,1.414674173,4VN,56.67302556,1.804384163,1.755283367,-0.204590066,4.945099007,-0.233335715,4627.2054,-1.140660352,0.272221551,-0.365528429,0.154362372,-0.138706998,0.2251,-0.950356401,892.6435,-1.116825579,183.4289,-1.061981269,0.2251,-0.951348481,46.4042,-0.927641672,231.3335,-0.955301204,3734.5619,0.443976122,1.24,-0.655822459,0,-0.491351651,1.226158026,0.374398536,3.46670378,0.863911593,4.005800027,-0.215747411,17.309215,-1.219190348,30.03106368,-0.708359839,32.385845,0.758064231,3.840730459,3.239461756,-1.44460296,-0.190530217,31.95754341,-0.89180706,51.15044079,-0.005212613,0.548144082,0.718435022,0.346140148,-0.137554337,2.351789952,1.187745101,73,0.815266834,2010
186560811.9,-0.082624538,103567841.9,-0.084025814,179864571.9,-0.099850124,12070839.91,-0.362486094,116489375,-0.072305401,10729431.1,-0.648715495,25207017.35,-0.758572454,1886122.913,0.250345942,166578902,-0.073726624,14624669.18,-0.518444457,4.621307362,0.164269046,1701642.228,1.502467455,8222489.332,-0.901421212,15151018.35,-0.550799875,116489374.8,-0.072443856,37364707.57,0.25883817,0.684789273,-1.663818699,0.664045811,-0.472237757,1.166399181,4.505987803,1.446654672,0.086422293,0.917971408,-0.337030042,24,-1.01915758,-4.042648571,-1.474058383,2.67E-05,-0.963691007,0,-0.451691704,4.12E-06,-0.930882082,1.91E-05,-0.949699682,0,-0.44588608,5.52E-06,-0.659850526,1.16E-05,-0.893775006,1.11E-07,-0.499756768,0.0689,-0.757032004,8.03,0.560639376,4.883845134,0.528267821,4VN,56.17412519,1.543993062,1.988685384,-0.035369207,7.84790678,1.62238333,4972.5401,-1.122933911,0.151683484,-0.837254513,0.047870327,-0.72881453,0,-0.950406851,741.5337,-1.124209985,230.7954,-1.030789386,0,-0.951398891,59.2034,-0.926619477,291.9342,-0.950958285,4231.0064,0.792481818,0.7676,-0.683249551,0.2099,-0.485361514,1.451340386,1.35341387,4.638716508,1.726436733,4.083417958,0.555102066,19.29522425,-0.853897967,28.09375207,-0.972488694,25.54163439,-0.464897091,3.823868017,3.211098161,-1.52980984,-0.362484035,28.59321421,-1.202572824,39.51713675,-0.837552639,0.44935313,0.013225639,0.140329799,-0.946080523,2.082629979,0.718944474,103,1.82701884,2011
81161679.85,-0.470874053,44723045.34,-0.302194322,77075997.54,-0.477890338,12102220.34,-0.358709324,48126587,-0.325456131,4003372.997,-0.918760509,17336262.99,-1.0623808,869828.7797,-0.543980731,72627600,-0.423512444,5178412.044,-0.910991828,2.776399155,-0.161743254,168802.3456,-0.701736264,11628605.34,-0.50109342,6012736.167,-0.924511391,48132385.91,-0.325588608,10863186.05,-0.804475631,0.767142069,-1.023878095,0.782965406,-0.004588613,0.82594687,-0.778926355,1.691364885,1.632948432,0.788298835,-0.906329008,25,-0.769789236,-3.853174048,-1.362065391,6.95E-05,-0.745006192,1.47E-08,-0.451688106,1.42E-05,-0.880505651,1.79E-05,-0.9598113,1.37E-08,-0.445882682,1.13E-05,-0.651414307,1.53E-05,-0.880421328,5.32E-08,-0.503024932,0.131,0.082114463,13.9,2.326834392,8.533217135,2.367980787,4VN,56.65484894,1.794897238,1.681759795,-0.257896041,9.300323894,2.550890593,5641.727,-1.088583751,0.182739632,-0.715716185,0.048705006,-0.724189299,0.6577,-0.950259445,1092.8609,-1.107041391,216.9667,-1.03989589,0.6577,-0.951251601,45.3419,-0.927726512,264.5173,-0.952923104,4548.8661,1.015620389,0.3056,-0.710072829,0.0463,-0.490030339,1.148291385,0.035861204,4.71160593,1.780078607,3.995932273,-0.313747356,21.048476,-0.53141734,29.08777991,-0.836965098,25.22332598,-0.521774195,3.763120322,3.238552128,-1.447335567,-0.981955289,40.17197575,-0.13303341,41.706985,-0.680873304,0.572201461,0.890166229,0.227015451,-0.605535842,2.635085108,1.681165223,100,1.725843639,2012
270565809.3,0.226817283,243811867.1,0.435932305,266749547.8,0.219699156,8644876.364,-0.774815609,245868350,0.406791239,4264054.645,-0.908294382,16046092.25,-1.112180936,2767371.054,0.93912184,262850701,0.284698533,4870712.819,-0.923778535,15.32263094,2.055291644,2106206.519,2.084225618,8405187.139,-0.879948365,5644797.037,-0.939558321,245868349.6,0.40668211,4297261.867,-1.067918536,1.145366294,1.915196849,2.256497471,5.790049418,0.930533981,0.844601774,1.226548717,-1.3046092,1.11864101,0.543965796,25,-0.769789236,-3.618242612,-1.223204113,2.63E-05,-0.96573479,1.85E-07,-0.451646382,4.90E-06,-0.926983906,2.81E-05,-0.873862547,1.84E-07,-0.445840433,1.09E-05,-0.651998129,1.82E-05,-0.869954932,1.95E-08,-0.504930419,0.0306,-1.274573223,4.46,-0.513520115,2.265732106,-0.791569259,4VN,56.9382566,1.942816216,1.924495833,-0.081907841,5.721278395,0.262863478,7103.5431,-1.013546993,0.035448626,-1.292139976,0.01712549,-0.899181809,45.1712,-0.940282959,1306.5873,-1.096597048,243.1585,-1.022648013,45.1712,-0.941282867,46.536,-0.927631146,291.7903,-0.950968598,5797.4692,1.892143933,0.908,-0.675098061,0.054,-0.489810596,1.356943398,0.943008283,5.217075765,2.152071529,3.975237763,-0.519271415,20.36612319,-0.656924451,25.93714796,-1.266515412,20.70188828,-1.329689635,3.844495369,3.240518602,-1.441428096,-0.152137756,32.27385451,-0.862589152,35.46247485,-1.127655725,0.315809418,-0.940062864,0.062610385,-1.251401327,1.495736078,-0.303258886,114,2.197994576,2013
91874969.57,-0.43141045,51269313.23,-0.277923875,88223154.01,-0.436892849,5928851.05,-1.101700991,53869388,-0.30419026,5768549.32,-0.847890312,13876807.41,-1.195914567,1839055.447,0.213558419,82192637,-0.387901289,6420170.005,-0.859389504,3.881972744,0.033621798,1803993.947,1.649647889,6276657.183,-1.130118851,6669929.779,-0.897635353,53879778.71,-0.30430443,19347678.57,-0.464054498,0.943655273,0.347756774,0.726061867,-0.228360745,0.80554374,-1.095648513,1.354396991,-0.496630263,0.86022609,-0.590548184,26,-0.520420892,-3.648921574,-1.241337574,7.96E-05,-0.693400663,0,-0.451691704,1.52E-05,-0.87550799,5.57E-05,-0.641295334,0,-0.44588608,9.18E-06,-0.654508561,2.78E-05,-0.835307551,1.25E-09,-0.505962322,0.0881,-0.497585753,10.4,1.273736852,6.346130527,1.265431749,4VN,56.60937141,1.771161148,2.069453192,0.023188976,6.52806467,0.778629168,7308.0997,-1.003046859,0.123134376,-0.948981532,0.068896914,-0.612299279,0,-0.950406851,1341.3464,-1.094898446,330.0852,-0.965404867,0,-0.951398891,52.9815,-0.927116383,385.2583,-0.94427026,5965.462,2.01007544,0.3094,-0.709852204,0.0023,-0.491286014,1.254904894,0.499380016,5.073070934,2.04609334,4.017614246,-0.098416474,17.5230152,-1.179865464,28.6699483,-0.893931352,26.65668726,-0.265653291,3.81200407,3.214865454,-1.518492541,-0.483465978,30.49407317,-1.02698897,41.90921242,-0.66640433,0.500771904,0.380273442,0.16410267,-0.852688772,2.344679768,1.17536117,108,1.995644174,2014
124777389.6,-0.310210698,53263657.4,-0.270529796,122070313.3,-0.312408319,8058793.569,-0.845353206,53311627,-0.306255676,6639004.778,-0.81294233,15289623.68,-1.141380356,243032.9453,-1.033878914,114412889,-0.267943534,7935385.956,-0.796423397,3.488262477,-0.035950438,103225.5254,-0.796034874,7252882.53,-1.015381086,8085332.649,-0.839752225,53334220.56,-0.306324782,52580771.03,0.86934841,0.807184776,-0.712717389,0.724538058,-0.234353096,0.806906641,-1.074491909,1.399697667,-0.210337841,1.471117862,2.09143804,24,-1.01915758,-3.745264371,-1.298283056,5.09E-05,-0.840042116,0,-0.451691704,9.21E-06,-0.905443984,3.32E-05,-0.830888171,0,-0.44588608,9.19E-06,-0.654493965,2.16E-05,-0.857683984,9.13E-08,-0.500870658,0.075,-0.674603768,9.32,0.94878104,5.136202144,0.655485453,4VN,57.45172282,2.210809672,2.131119801,0.067898429,6.617533324,0.835825062,6353.2118,-1.05206239,0.105611169,-1.017558655,0.034394727,-0.803487273,0,-0.950406851,1124.1804,-1.105510875,267.6809,-1.006499472,0,-0.951398891,61.0438,-0.926472496,330.7104,-0.948179408,5229.0314,1.4930987,0.4021,-0.704470131,0.0222,-0.490718106,1.491863314,1.529593602,5.210051081,2.146901819,4.055646503,0.279294514,19.153484,-0.879968658,25.02876204,-1.390362774,32.91860405,0.853260559,3.859643398,3.233835438,-1.461504943,0.00233343,39.21466971,-0.221460531,41.3537033,-0.706149915,0.473068831,0.182517812,0.126941313,-0.998677205,2.232174746,0.979409207,112,2.130544442,2015
